Country Name,Country Code,1991,1992,1993,1994,1995,1996,1997,1998,1999,2000,2001,2002,2003,2004,2005,2006,2007,2008,2009,2010,2011,2012,2013,2014,2015,2016,2017,2018,2019
Aruba,ABW,,,,,,,,,,,,,,,,,,,,,,,,,,,,,
Afghanistan,AFG,,,,,,,,,,,,5462.870006,5628.821409,5417.949913,5754.118413,5904.00332,6582.789017,6719.617962,8025.680149,8948.946623,8617.407888,9262.492619,9292.956732,9063.896306,8754.30486,8578.345113,8456.65185,8238.098259,8246.351581
Angola,AGO,14384.76184,13120.13335,9642.52605,9461.039214,10538.58201,11603.52363,12053.94792,12211.18895,12064.77276,12012.9542,12112.9476,13326.36317,13258.99549,14204.08977,15763.53956,16962.85155,18640.72702,19968.62652,19419.86626,20750.617,20250.41847,21209.38746,21475.27926,21704.44936,21126.64014,19854.88715,19125.6402,18079.18514,17339.27171
Albania,ALB,9013.241061,8369.95369,9436.839108,10484.99121,12285.38974,13580.98312,11832.93502,13051.71656,15037.13687,16239.37527,17896.0953,18820.72276,20057.59314,21365.43153,22772.91571,24274.51267,25927.59961,27221.89305,28516.48765,29728.23597,27056.59494,28608.46154,31721.08218,32838.34022,31715.69187,31448.22758,31589.09409,31104.97077,31009.39013
Andorra,AND,,,,,,,,,,,,,,,,,,,,,,,,,,,,,
Arab World,ARB,39388.50821,40689.53726,40659.16646,40307.01186,39973.25857,40399.62718,40779.26593,41972.22401,41313.25679,42520.06256,42175.16257,41415.26024,42143.69035,43823.81977,44698.04927,45485.73497,45574.44688,46595.58716,45267.08914,45750.46029,46690.44952,48231.97406,48301.73214,48682.00162,49614.62329,50288.36842,50465.17472,50753.9819,50546.8223
United Arab Emirates,ARE,212130.9985,203368.7895,190659.4367,189832.5975,189451.4427,190986.3473,195843.9893,185383.4487,179501.9845,186650.0539,175971.6722,167171.3495,166163.0288,161643.5214,146249.6618,135278.3536,116346.0675,101488.8619,83850.42475,77313.16557,79346.09643,81465.41226,85382.14495,89098.51935,93147.7237,95720.13074,97884.16825,97683.6138,98187.90124
Argentina,ARG,38355.37215,40960.96047,45180.04036,47774.20096,49872.98666,50549.1098,52006.79478,51680.27853,50106.47994,49516.13885,48072.92269,43838.88957,44299.35479,46192.6393,48730.43764,50908.10643,54454.4872,56198.08023,52308.77301,57052.30065,59040.16225,57795.19314,58603.14801,56999.6668,57713.16657,55759.61273,56603.87876,54278.56359,52674.59458
Armenia,ARM,11792.92807,7032.738894,6843.180978,7530.087116,8268.24647,9150.724171,9713.630083,10318.33565,10911.51633,11575.49975,12643.48848,14288.11559,16253.91106,17892.06893,20256.01394,22810.01889,25760.80215,28750.64396,25711.74028,25296.16844,25674.30968,26951.48449,27276.94208,28969.99984,30477.34694,30875.51053,33385.20232,37187.90623,40102.79714
American Samoa,ASM,,,,,,,,,,,,,,,,,,,,,,,,,,,,,
Antigua and Barbuda,ATG,,,,,,,,,,,,,,,,,,,,,,,,,,,,,
Australia,AUS,68331.09396,68903.16469,71505.3058,71992.37962,72067.62659,73837.25788,76094.23714,78118.33732,80574.54615,81601.81378,81995.73528,83585.35104,84159.38312,86048.02037,85874.25427,86036.90687,87587.10641,88309.22179,89394.68955,89365.70721,90147.47217,92551.26906,94022.70698,95697.04286,95946.07078,97043.06085,97261.27101,97835.34558,97976.26069
Austria,AUT,85109.54187,85192.80718,85406.99561,84636.39765,86846.40768,90422.90619,92432.28706,95256.22947,97060.87077,100038.3515,100901.0389,101239.1962,101607.938,108300.1642,107020.6205,108726.2612,109938.6006,109474.6905,105464.6308,106365.051,108457.9606,108350.582,107882.2311,108464.9411,108504.9433,109133.5079,110435.2637,111650.9962,112311.416
Azerbaijan,AZE,15802.57052,11839.01893,8934.099983,7026.580702,6104.560489,6172.134671,6548.322955,7235.793679,7779.060405,8672.629538,9477.917584,10319.34845,11306.09585,12237.03258,15431.6963,20595.24687,25498.81558,27634.96572,29502.41455,30442.02845,29613.6507,29712.09475,30873.56083,31132.13724,30928.61692,29428.0667,29099.37019,29174.14888,29728.93348
Burundi,BDI,2676.185903,2694.76656,2520.159386,2417.753508,2221.608853,2041.57505,2008.602662,2101.123084,2065.138942,2022.423306,2008.592832,2033.40073,1940.29262,1961.168038,1907.270623,1939.224395,1933.621364,1955.144208,1961.505672,1993.05462,2012.533257,2041.962891,2082.368967,2109.665118,1957.753736,1879.288747,1824.168347,1790.766541,1762.953395
Belgium,BEL,95969.66512,96202.76075,96147.29919,99439.50606,100711.6887,102137.3773,104871.8284,106443.603,106596.7528,107036.6852,110323.9148,111984,113278.85,114732.354,114901.3883,117105.9729,118125.0263,116969.4056,115234.3396,116620.7329,117613.7008,118137.6228,118482.9571,119852.5462,121831.6085,122394.9651,122565.5104,122009.9063,122092.488
Benin,BEN,5664.040164,5627.017114,5731.412519,5627.986673,5750.218896,5814.291034,5962.323077,6013.011793,6145.41532,6308.119213,6449.191945,6548.487887,6550.878855,6618.551657,6518.602219,6583.464408,6784.13709,6921.932799,6895.745026,6850.497129,6977.161346,7095.336399,7378.168021,7605.216956,7497.446009,7508.825075,7687.283564,7946.760613,8229.06542
Burkina Faso,BFA,2530.635608,2486.416696,2520.168459,2498.400973,2581.41972,2809.018594,2923.722507,3069.290018,3227.595319,3217.695778,3366.219703,3445.181691,3639.810862,3745.60195,4009.596962,4163.027907,4229.471358,4395.649662,4459.547314,4758.672137,5003.19464,5253.137592,5484.00855,5644.275868,5650.082905,5769.98357,5904.634155,6074.915801,6211.583571
Bangladesh,BGD,4656.407995,4769.852709,4851.056844,4891.798375,4988.787823,5068.247698,5152.775741,5274.145127,5375.363953,5512.309739,5663.834313,5756.056509,5901.990234,6063.887491,6313.433114,6566.57938,6931.601595,7256.057854,7552.442844,7709.72561,8084.359541,8485.935914,8867.260374,9230.901674,9660.108,10165.18283,10299.12024,10877.40944,11535.02934
Bulgaria,BGR,27945.60618,26026.15512,26137.96145,26990.83191,28193.73394,30127.19718,26321.64678,27531.377,26352.7656,28943.32293,30793.63063,32739.15087,33359.34413,34392.18509,36686.32447,37496.0583,38247.28669,39323.52439,39317.6147,42082.58806,44636.0298,45186.05024,45338.16964,45502.64868,46499.34204,48462.58308,48036.48513,49465.15023,50015.79585
Bahrain,BHR,96676.89481,99671.35327,108397.1632,104033.0159,104040.4099,105744.2733,106098.1326,107715.7676,108076.8052,108536.6392,104302.5411,100420.5462,98598.27971,96706.7673,94146.74926,90652.26385,88529.99835,85266.32267,80284.85412,78386.40659,78565.02643,80120.98043,83604.47667,86007.15388,85974.65999,84727.39423,83174.15657,79447.84317,76444.59101
"Bahamas, The",BHS,82328.45089,79035.60709,75181.05324,76411.43073,75399.65204,77896.81181,76665.38476,76992.75308,80796.68079,82419.86344,82429.95567,84799.2908,83671.23818,82157.36268,83267.113,80887.67562,80503.00535,77236.47178,77680.99285,77404.43407,76578.13796,76951.55949,75319.61019,72596.78213,69982.15981,70236.15569,68966.20211,70159.89596,70047.37006
Bosnia and Herzegovina,BIH,,,,5368.873063,6816.147238,13350.29293,18266.49949,21501.52934,24125.42852,25851.4598,27394.06684,29303.53122,30845.40141,33163.56196,36854.66666,39316.66385,39616.2521,38025.36837,37284.78279,38877.41256,40082.70424,40131.96609,41566.27382,41780.44141,43919.74797,44462.02849,43639.44178,44407.15795,43581.03289
Belarus,BLR,19399.67211,17862.09263,17338.77826,15904.80545,14962.42533,16744.52384,17131.73273,17974.09963,18301.75129,19008.28712,19585.9564,20280.5836,21404.17923,23522.13462,25389.11854,27606.63736,29607.22692,32235.69599,31999.2268,34332.22561,36110.79126,36675.12848,37015.31767,37615.85499,36161.53476,35216.19353,36103.13459,36961.61049,38011.2419
Belize,BLZ,17468.71331,19209.99929,20063.05882,19939.01962,19728.18862,19438.18653,18860.64999,18891.45437,19192.26459,20214.76806,19828.45241,20106.58748,21163.01935,21337.45111,20919.96168,20810.15939,20005.27466,19934.33134,19373.72412,19317.0279,19004.8045,18810.45457,18430.86455,18323.66191,18071.60562,17187.08358,16988.62714,16789.76991,16330.06243
Bermuda,BMU,,,,,,,,,,,,,,,,,,,,,,,,,,,,,
Bolivia,BOL,11564.01661,11491.87635,11672.32166,11884.19665,12098.67549,12305.49608,12574.27724,12887.41984,12643.25056,12651.92739,12502.7192,12460.25695,12441.00778,12596.6665,12784.53612,13027.37845,13516.14616,13957.59326,14154.23062,14383.40643,14779.93549,15811.83936,16492.82953,16483.53781,18175.30335,18462.40077,18490.51168,18089.35617,18066.1808
Brazil,BRA,27638.68461,26690.59646,26985.49026,27634.55286,28032.48198,28851.41465,29102.33967,28818.92875,28280.3842,28662.72846,28269.09031,28158.75774,28102.2576,28568.56451,28813.16974,29292.33595,30584.47006,31280.5223,31031.27903,33112.10394,34194.13664,34040.38844,34521.53527,34225.48168,33097.08103,32865.41773,33202.07966,33044.92241,32678.83853
Barbados,BRB,33734.80861,31195.32485,31632.2019,31215.73467,30039.2198,29574.12528,30763.82046,30985.03479,30376.0682,31222.06447,30397.08095,30578.2381,31276.35961,30759.4911,31661.9299,33286.0492,33428.36472,33839.18878,32761.18291,32302.81234,32102.28888,32436.32704,31446.72448,32448.76794,32495.13871,32167.91874,32311.73963,32141.91901,32118.37167
Brunei Darussalam,BRN,175233.9955,177249.0916,171534.985,170670.3878,171904.4503,171425.4535,163451.2361,156997.614,156106.4823,154947.5574,155502.8206,158013.1005,158976.258,156216.2371,153443.5245,158301.1583,156592.6485,151358.6927,146032.1691,147351.5689,150111.6803,149051.8361,143765.5064,138340.8324,136821.5261,133029.6725,134313.9042,129057.471,133215.9281
Bhutan,BTN,6866.892047,7210.010428,7402.036602,7800.136077,8335.749444,8639.648034,8866.665662,9093.380192,9481.534237,9806.848875,10278.50535,10989.66716,11414.23045,11759.57125,12276.08807,12826.03536,14935.96736,15324.33899,16067.72718,18025.042,19558.03163,20637.84856,20602.22334,21821.59858,21593.28538,22744.1045,23219.66835,23377.00209,24107.29268
Botswana,BWA,32651.92802,33288.2194,33786.44216,34950.00654,36243.25918,37207.64547,38808.88763,37468.81569,39006.24959,37957.47656,38018.81268,40399.23374,42512.57156,41322.20694,40921.79676,42034.38752,43184.70155,43651.96883,38704.82983,44016.94618,42977.03699,42044.75556,44348.29285,45564.56038,44020.38537,44926.04733,45046.71797,45813.58233,45922.77879
Central African Republic,CAF,2974.324992,2705.741327,2636.862383,2685.262052,2796.352991,2616.129843,2688.834581,2749.492997,2782.741891,2646.651327,2710.280046,2753.900964,2551.784334,2650.961672,2620.443027,2695.047588,2767.744066,2777.346729,2982.772148,3088.480177,3209.929767,3375.332613,2141.154166,2143.013812,2230.541378,2309.346526,2376.470283,2422.022018,2445.012744
Canada,CAN,70816.67761,72286.95575,73918.28371,75730.7249,76500.5613,77159.55055,72622.26399,72817.02661,73793.89861,75585.63917,75714.13152,76438.44759,77437.60295,79170.93211,82080.36686,84074.40303,87795.03342,87342.286,86201.0111,87612.36623,89163.33322,89627.59521,90434.33977,92464.06581,92516.03109,92545.27824,93511.31231,94025.90057,93588.31919
Central Europe and the Baltics,CEB,29234.29663,28570.64016,29566.24445,30997.78953,32822.46285,34436.76802,34814.85546,35749.50026,37005.00486,39404.32039,41112.72952,44127.6448,45763.46691,48536.92582,50458.46369,52545.65995,54605.81233,56017.61085,55162.2245,56574.35573,58631.15528,58890.12816,59686.80504,60373.40252,62070.95222,63234.53229,65045.88927,67436.30873,69807.87854
Switzerland,CHE,97045.72575,97288.51107,97480.78526,99616.53962,99319.66063,99168.64282,102000.3097,103219.9709,103886.0433,107466.0429,107146.4835,106787.7513,106917.5488,109921.1648,112829.732,115033.0175,117356.6412,116742.7655,113263.4876,118327.4869,117458.5538,117245.7876,118225.3781,119010.3171,118783.4894,119095.7415,120353.6154,122698.7815,123152.4163
Channel Islands,CHI,,,,,,,,,,,,,,,,,,,,,,,,,,,,,
Chile,CHL,28704.2196,30730.78208,32010.31105,33337.14628,34949.25318,37532.14951,39268.8866,40208.45934,41092.6668,42663.74553,43789.71982,44543.50467,44864.51458,46809.13005,47650.79178,48957.6655,49566.30621,49648.30954,49263.33523,49318.80515,49963.0813,51561.4831,52564.07076,52781.47758,53012.62623,53214.56356,52756.48318,53928.18531,53830.83035
China,CHN,2783.86681,3127.993428,3510.264005,3912.313621,4289.843066,4636.284428,5010.657672,5358.775611,5722.354188,6133.801995,6642.909191,7218.222764,7899.677986,8616.472786,9535.73552,10676.12492,12131.50333,13305.06599,14546.18514,16051.09812,17516.73079,18847.84533,20251.45413,21704.47667,23199.51933,24740.49827,26428.55177,28225.61652,30073.85939
Cote d'Ivoire,CIV,12514.31409,12044.38468,11479.81881,11057.21795,11347.18111,11864.76217,11942.69952,12174.54313,12136.99887,11672.75302,11572.61385,11289.61115,11049.66986,11095.53999,11181.39697,11226.18364,11286.19667,11428.29813,11688.47883,11776.19084,11100.71216,12112.11222,12555.93931,13326.51379,14154.60511,14821.02988,16050.91214,16667.93055,17201.71998
Cameroon,CMR,7318.617588,6894.231709,6170.070304,6123.379565,6152.789566,6245.633078,6382.501969,6474.808046,6556.01034,6583.133087,6672.450903,6705.195414,6758.166223,6954.200044,6835.712378,6822.604513,6907.51174,7115.572189,7269.426195,7522.425483,7593.977772,7697.368917,7865.640865,8070.821751,8274.740637,8405.937436,8446.276805,8529.902795,8587.095888
"Congo, Dem. Rep.",COD,4267.894555,3670.743872,3050.501966,2825.662041,2753.077548,2652.467477,2441.313269,2346.179007,2191.803387,1985.36284,1891.282511,1893.156708,1940.271159,2008.53988,2065.491914,2145.185047,2246.380134,2351.511629,2389.164136,2524.825005,2667.754404,2824.717249,2967.737804,3144.28857,3251.425771,3220.976132,3229.611047,3304.556955,3335.451694
"Congo, Rep.",COG,16702.60038,16647.75108,16009.16587,14645.1473,14744.67463,14896.71671,14312.80899,14363.50517,13529.88508,14077.95335,14153.87501,14360.55559,14011.84878,14008.76889,14567.96545,14954.96789,13254.10616,13421.3822,14391.67906,14927.48626,14503.34689,15231.94333,14772.5329,15290.68417,14439.67658,12621.73857,11703.05604,10677.61903,10015.6798
Colombia,COL,21554.10602,21651.68023,21790.80365,22524.82177,23170.71186,23911.62498,24198.18508,24590.30518,24614.79359,24881.63669,23106.64524,23350.92868,23171.28306,24283.08318,24678.37478,26089.41928,27583.91373,27741.74299,26662.57563,26677.26195,27474.53645,27587.14932,28476.78202,29073.65196,29155.79959,29448.86291,29407.35042,29799.19467,30853.89748
Comoros,COM,12843.85063,13561.82903,13557.50533,12409.21248,12469.36635,11923.27931,12046.98581,11836.46487,11709.06242,12638.32859,12567.41189,12495.14435,12388.36351,12250.61986,12196.47035,12122.49408,11824.73479,11902.32217,11922.24311,11989.46148,12095.08852,12098.37229,12258.02552,12126.65084,11888.13316,11934.91473,12038.90723,12097.27027,11989.56374
Cabo Verde,CPV,5837.785562,6317.217613,6689.727641,7753.792959,8611.007343,9363.958484,10157.26051,11158.25642,12128.37719,13532.67703,13424.12775,13745.87935,13932.32606,14914.27573,15464.98504,16125.06949,17924.79092,18480.2134,17739.36493,17501.44409,17742.95703,17528.60484,17307.83455,17070.50116,16941.34019,17437.79803,17780.16954,18201.44175,18865.25435
Costa Rica,CRI,27506.41797,29154.23821,29912.39446,30116.48291,30260.05068,31004.04419,30405.53472,30630.34366,31274.47162,31931.49548,31256.57412,31757.2975,32301.68838,33406.31171,32744.56513,34176.23596,35205.57026,36367.27168,36745.23465,38306.87931,40975.63865,39588.02512,39646.11324,40713.86092,42248.73433,45108.72306,45340.39492,45210.28608,44875.03748
Caribbean small states,CSS,29316.42423,29732.84341,30376.98215,30509.34725,30960.79666,31562.04765,32248.35518,32593.11803,33557.82376,34287.37358,34571.87779,35435.83783,36638.14476,37373.68235,38009.3651,39789.91497,40544.21637,40785.4732,39548.78115,40040.25541,40319.18403,40585.72899,40418.4124,39776.56469,39541.23346,38236.98435,37518.6392,37563.80963,37178.32686
Cuba,CUB,,,,,,,,,,,,,,,,,,,,,,,,,,,,,
Curacao,CUW,,,,,,,,,,,,,,,,,,,,,,,,,,,,,
Cayman Islands,CYM,,,,,,,,,,,,,,,,,,,,,,,,,,,,,
Cyprus,CYP,42843.81328,45871.83223,45146.4685,46568.07712,49580.6341,49116.70287,49312.32064,51568.10831,53086.37454,54154.68247,53307.70584,53737.23406,53475.08481,54651.02548,56911.12031,57613.77264,58484.01379,59275.65744,57763.17799,57989.27852,59230.14716,59389.34422,57732.64954,55802.90462,56821.98173,59243.39901,60174.71819,60028.82966,59958.29086
Czech Republic,CZE,44252.03106,44070.90798,44122.15175,44875.64975,47472.43353,49443.73194,49593.40699,50068.99066,51909.43842,54473.8351,55890.03537,56151.87819,58568.81318,61863.96799,65049.13932,68788.87725,71219.78983,72156.60871,69871.92821,72169.13991,73107.82879,72225.50895,71448.09094,72396.24617,75266.42315,75563.27715,78154.2683,79613.7205,81448.56254
Germany,DEU,80687.82925,83438.40057,84311.41859,86760.03482,87836.8569,89135.98819,91271.15688,92958.61815,93239.04753,95083.30275,96334.12524,96606.20999,96815.68042,99229.46376,98742.4281,100628.6505,101141.1261,100848.1232,95183.33215,98204.46922,101654.6343,101414.6378,100828.6702,102247.7602,102729.3746,103338.2801,105034.0224,105315.6419,104899.1097
Djibouti,DJI,,,,,,,,,,,,,,,,,,,,,,,10925.0789,11444.61491,12062.17741,12614.37234,13012.0894,13817.93037,14599.41463
Dominica,DMA,,,,,,,,,,,,,,,,,,,,,,,,,,,,,
Denmark,DNK,77850.0465,79241.69898,81283.29457,85439.28892,85649.74737,87667.0465,88493.75542,90484.17065,92179.31161,95473.67669,96249.22573,95601.4861,97794.35948,99217.7614,101063.8858,102927.5589,103762.189,103407.1321,101619.5632,105742.9563,107323.215,108168.2989,109513.9641,110213.4002,111043.8039,112557.0208,114488.4963,115239.5901,116760.4343
Dominican Republic,DOM,18051.88061,19568.56447,20505.77908,20539.40255,21186.34971,21925.48691,23301.56553,24279.83236,25140.87291,25713.48629,26544.41892,26793.4782,26452.48179,26448.59639,28558.36307,29633.25149,31237.99116,31280.01309,32408.15852,33462.7944,33284.83076,33381.71409,34496.26728,35919.57591,36578.10102,38057.30618,38610.66786,39754.06024,40616.20036
Algeria,DZA,41682.79042,42975.28674,41438.95868,40343.42101,42940.57497,41315.04472,39035.67433,40776.68577,41943.57828,43353.78031,42071.04918,42550.80188,43303.2193,40899.50079,41164.95397,39589.26783,40836.52218,39886.89767,39263.57502,39577.13828,39933.78993,40902.41168,39885.28376,43072.40463,44057.48693,43847.00868,44295.90491,44315.62699,44185.46415
East Asia & Pacific (excluding high income),EAP,4451.517186,4809.540244,5223.627807,5658.695671,6105.376788,6516.910017,6854.150874,6822.048998,7137.050558,7536.673027,7989.514634,8543.546916,9196.186746,9881.076143,10725.52753,11710.59122,12918.83198,13885.1847,14800.77317,16082.97744,17226.90421,18369.75278,19566.77836,20758.29527,22030.35806,23341.90986,24769.3446,26206.80687,27659.34192
Early-demographic dividend,EAR,13546.0318,13756.12019,13957.69559,14074.73153,14249.55375,14715.79231,14981.31757,14917.35556,14953.34643,15258.05064,15154.2253,15222.98713,15706.16253,16262.09663,16872.41505,17576.53414,18263.83659,18624.34711,18718.50352,19621.42448,20331.93521,20901.78803,21567.8391,22252.95842,23050.40607,23897.29596,24672.03777,25258.82648,25449.06185
East Asia & Pacific,EAS,10307.83242,10645.30136,11033.77256,11514.75577,12078.82732,12603.28979,12995.02803,12860.94851,13257.64024,13810.03755,14264.71594,14889.30177,15599.49511,16411.21477,17335.62396,18376.58575,19641.8442,20501.27713,21081.95808,22606.63877,23711.28841,24860.71504,26093.96175,27253.81789,28484.67612,29748.1294,31208.35441,32567.27006,33943.39076
Europe & Central Asia (excluding high income),ECA,33614.53084,29817.41065,28346.22146,25317.41956,24978.03536,25125.38568,26316.61688,26271.53213,26271.5888,28007.89851,28861.98617,30021.78443,32080.7392,34452.73162,36356.25254,38948.85714,41188.23141,42504.74568,40348.252,41870.92825,43600.48982,44812.6435,46153.84646,46916.92191,46760.0835,47192.15014,48716.89079,49899.5361,51097.66057
Europe & Central Asia,ECS,54019.54512,53029.46899,53102.18199,53285.72614,54302.58958,55343.16851,57133.18059,58357.56429,59024.33686,60984.85623,62137.0031,63081.97745,64288.5481,66333.79548,67571.12751,69683.22803,71305.27058,71665.82982,69338.94776,70990.38385,72500.93967,72777.68988,73474.90653,74297.53256,74911.22094,75529.19512,76991.22275,78039.82073,79100.66487
Ecuador,ECU,22207.65234,21974.65814,21731.99225,21926.44732,21743.26487,21502.22615,21789.11153,21135.50416,19738.94598,19559.11394,19872.19466,20477.31962,20835.63418,21140.62666,21669.66917,21637.48595,21985.76879,22998.85269,23442.00138,24011.22312,25489.91247,26069.30781,27019.59597,27674.2529,26173.48127,24828.37886,24416.48978,24477.16904,24114.99172
"Egypt, Arab Rep.",EGY,23976.14663,24324.0817,24925.73609,24745.97974,25884.97453,26105.51465,26924.39521,27900.52157,27819.90014,29217.39826,29847.33976,30261.18168,30338.96028,30140.919,30659.18597,31429.61897,31560.889,33089.84872,33673.18139,34214.20679,35508.78194,35632.78129,35610.53614,35947.88725,38039.23186,38941.80638,40615.50847,42372.55737,43930.36427
Euro area,EMU,80481.88696,82414.02807,83410.44124,86002.66642,87649.8997,88767.21022,90570.51504,92074.40407,92993.07333,94785.66394,95522.25524,95436.84053,95162.07883,96761.38674,97007.90508,98488.85977,99518.21784,99047.21929,96412.50216,98817.67252,100727.9336,100453.7095,100636.5297,101483.4625,102414.3587,102846.7076,103983.7698,104441.1074,104649.4422
Eritrea,ERI,,,,,,,,,,,,,,,,,,,,,,,,,,,,,
Spain,ESP,82932.81162,84728.72068,87389.63184,90149.71455,90156.56284,90396.95923,90270.83806,90439.82101,89243.33046,89495.24221,89764.13583,88889.34109,88088.08966,87664.7125,85695.72055,86033.3054,86730.64808,88065.83591,90544.10292,92169.24916,93038.32997,94326.07217,95397.107,95458.63556,96347.03596,96336.19515,96547.65616,96509.60156,96386.53189
Estonia,EST,,,25948.27008,26356.13108,28747.91656,30710.09904,34814.61093,36758.01898,37853.80536,42185.90253,45274.446,47710.62454,50275.54792,53015.08056,57030.65788,59436.62125,63170.40762,60005.13862,56744.14864,61055.33967,61979.1116,62572.72845,62797.56449,64237.62089,63645.52162,65219.52138,67251.99646,69679.23778,72657.32476
Ethiopia,ETH,1697.449458,1497.404736,1638.577149,1633.852936,1668.303313,1812.476982,1807.183983,1687.439188,1716.59089,1753.793949,1835.703204,1800.268158,1700.431476,1864.271629,2012.235657,2163.786438,2338.469563,2510.666327,2648.080262,2882.008609,3091.697606,3239.317358,3454.011748,3679.224799,3926.329235,4160.474123,4413.238052,4564.649499,4793.637847
European Union,EUU,68380.00889,69605.50683,70519.80944,72844.25954,74552.25862,75919.03126,77376.60045,78880.0865,80259.41642,82623.53407,83791.25109,84889.17764,85151.4001,87106.88268,87759.05938,89327.51261,90454.70612,90295.69331,88035.75315,90280.86402,92238.15442,91992.50954,92289.10315,93018.54334,94190.54618,94823.61109,96067.16687,96990.90078,97724.65388
Fragile and conflict affected situations,FCS,,,,,,,,,,,,,,,,,,,,,,,,,,,,,
Finland,FIN,63889.51599,66505.1705,70308.87229,73872.08899,78137.55058,80197.01202,83105.74475,85239.33107,85947.24874,89648.49607,90342.41927,91489.85751,93463.79367,97414.86797,97357.29588,99286.28159,102460.2559,101652.358,96405.47069,100007.1243,101390.0807,99626.70493,99813.32073,99830.03787,100849.2999,103331.308,105681.282,104514.4155,104727.9373
Fiji,FJI,22749.47779,23827.31944,23911.0903,24703.38204,24840.35801,25760.31576,25023.84753,25193.22643,27296.20778,26755.0783,26821.33236,27300.07474,27225.31269,28264.61116,28013.57821,27789.27398,26751.40492,26221.77376,25180.3764,25270.07784,25456.23969,26252.95243,28038.97724,30222.21094,31869.53209,32798.39851,34420.56562,35521.95083,35067.6399
France,FRA,84577.38671,86252.50872,86360.6953,89422.72626,90018.92965,90721.49167,93175.4239,95370.4106,97416.76257,98523.95005,98460.41117,98474.76594,96892.02213,99689.62612,99888.57523,101745.8456,102428.1826,101303.564,99379.1358,101116.5206,103251.6007,103418.8541,104134.1461,105773.4025,106689.8678,107261.298,108805.3741,109854.8926,111109.3588
Faroe Islands,FRO,,,,,,,,,,,,,,,,,,,,,,,,,,,,,
"Micronesia, Fed. Sts.",FSM,,,,,,,,,,,,,,,,,,,,,,,,,,,,,
Gabon,GAB,84016.37369,79377.50524,80650.23797,81523.23271,83315.6327,83972.37886,86315.281,86688.2771,76225.35914,72334.27612,71605.94089,69174.16165,68404.72633,66382.47693,65602.0624,61484.51638,62971.63709,58542.92923,56710.78496,58522.16957,59946.79359,60140.1016,60503.19987,60020.91866,59475.52221,58508.41521,56757.93158,55429.62902,55982.31012
United Kingdom,GBR,65428.30038,66968.61103,69652.7366,71928.31185,73050.23518,74214.26486,75671.3714,77519.91477,79248.51786,80862.92394,82614.38712,83893.65133,85634.69716,86680.867,88268.54944,89977.42412,91468.17359,90348.83573,87804.94322,89234.44083,90312.05581,90504.86409,91197.14617,91345.96317,91906.85952,92297.51073,92989.70755,93047.21317,93323.98306
Georgia,GEO,17474.74307,9670.685713,6655.790656,6114.870287,6461.862856,7943.693781,9236.235054,10162.17315,10628.54699,10976.76661,11237.80808,12474.46128,13408.12673,14638.97913,16348.10296,17801.3649,19935.80558,21493.06918,21528.845,22425.45974,23789.93445,25193.12959,26371.29172,26636.85112,26898.56151,28130.85339,29400.64365,31652.16709,33325.22079
Ghana,GHA,6003.957278,6041.547892,6172.306288,6213.502817,6312.265172,6457.211567,6587.895296,6760.55514,7015.703204,7099.498099,7142.765655,7224.645171,7352.27709,7508.780299,7694.445996,7921.01802,8051.398096,8568.081108,8783.32479,9258.326431,10359.05113,11119.29368,11729.42368,11862.61442,11920.36688,11852.50783,12347.52387,12792.21791,13290.55969
Gibraltar,GIB,,,,,,,,,,,,,,,,,,,,,,,,,,,,,
Guinea,GIN,4474.677556,4513.391428,4635.119822,4707.311469,4808.066783,4911.266559,5048.8096,5113.149033,5192.971548,5208.458714,5305.955171,5493.900932,5469.150679,5498.512977,5556.967459,5492.693809,5733.743582,5830.168635,5636.517432,5773.689095,5955.741448,6161.120296,6249.174661,6312.227967,6375.12906,6861.467181,7336.713908,7536.792079,7698.640133
"Gambia, The",GMB,7703.280179,7739.694238,7767.276009,7575.182167,7434.708974,7424.258724,7596.780906,7659.267565,7931.359734,8124.586128,8320.885888,7790.059422,8043.479008,8305.983979,7814.872522,7498.927627,7452.982926,7638.935205,7884.684554,8055.114517,7149.442338,7264.162258,7230.447349,6880.725206,6922.083039,6824.788876,6919.532805,7180.193572,7370.218738
Guinea-Bissau,GNB,5387.500852,5332.083713,5328.621284,5378.026469,5487.477792,6018.731084,6290.131601,4414.824983,4368.93599,4507.415252,4495.899961,4340.033471,4251.204109,4250.345879,4309.491653,4289.827915,4307.090049,4321.242451,4349.992029,4423.129997,4649.613205,4436.948526,4449.789716,4359.700639,4495.059743,4644.285387,4782.723334,4825.721954,4908.726591
Equatorial Guinea,GNQ,3178.279871,4148.233219,4458.015844,5017.677666,5669.625053,9102.34966,21834.79294,25839.37203,30972.87213,34820.99783,54439.45969,62051.16974,67204.08213,87841.04468,96932.92212,99217.51708,108354.2707,120699.8334,115932.2483,99801.19147,101616.5565,105033.3965,95939.04086,91591.71258,79178.80999,69705.73165,63317.60289,56971.94626,51616.62153
Greece,GRC,66862.93604,65602.87995,64512.85281,64386.50911,64518.47136,65399.38219,67891.11489,69549.51244,71380.35706,73141.08542,76377.42856,78077.51152,81252.31073,84674.32542,84906.31487,88462.2008,91137.41536,90450.32601,87784.90885,85940.0225,83987.17108,85310.56248,86871.69101,87332.7609,85355.15763,83740.71678,82943.81557,82395.09921,81655.50404
Grenada,GRD,,,,,,,,,,,,,,,,,,,,,,,,,,,,,
Greenland,GRL,,,,,,,,,,,,,,,,,,,,,,,,,,,,,
Guatemala,GTM,17141.87297,17471.92192,17684.76934,17898.31186,18243.75201,18283.11621,18531.01488,18873.29277,19024.27094,19134.64216,18972.08899,19135.72599,19079.0191,19151.36931,19306.57213,19837.38633,20542.83637,20673.64794,20307.50924,20399.3172,20614.19969,19078.5301,20822.57795,20924.11595,21275.68707,21136.41909,21107.58256,21151.85484,21352.57118
Guam,GUM,,,,,,,,,,,,,,,,,,,,,,,,,,,,,
Guyana,GUY,15148.77731,16208.17983,17430.21357,19003.3951,20080.88977,21769.85355,23245.00659,23037.48614,23984.30921,23936.40921,24762.85983,25396.68897,25241.78135,25603.91359,25039.76938,25945.88727,27555.64538,27799.45229,28686.06945,29638.91592,30960.78543,32332.84312,33244.31047,33508.28527,33479.71303,34519.89939,35535.72407,36864.99538,38482.63338
High income,HIC,71122.24142,72644.66639,73641.78475,75329.62224,76520.83608,78136.37079,79507.67636,81033.95589,82800.02292,85092.99771,85935.83464,87259.47769,88748.10549,90967.7489,92309.15051,93755.81372,94919.97002,94632.71855,93173.5019,95727.27218,97092.15938,97499.33972,98262.7783,98994.9918,100003.5879,100373.2034,101371.1325,102336.8224,102904.2087
"Hong Kong SAR, China",HKG,60520.09172,64507.28883,67659.70519,70033.27819,70790.78371,70494.75962,72977.80684,69478.02448,71522.35362,74979.80561,74500.6478,76277.14339,79259.00458,84085.11933,88665.34855,92980.36853,96710.76975,97967.34161,96780.52053,103034.5371,105107.7861,104408.4203,105717.7712,107993.0978,109632.1133,111660.7236,115233.2451,118442.1506,117490.5603
Honduras,HND,10946.51271,11026.22252,11334.84266,10976.25045,11240.68252,11178.1771,11151.43422,11223.33798,10739.07755,11321.97142,11454.01863,11549.45572,11886.17518,12360.8722,12603.68468,13140.79844,13677.60769,13642.3383,12694.50463,12637.38562,13216.91323,13445.13601,12852.31926,12769.05877,12760.71394,13050.0857,12989.61669,12810.05657,12775.42742
Heavily indebted poor countries (HIPC),HPC,4596.746796,4430.144448,4338.364577,4211.742354,4286.715978,4386.108357,4437.734687,4462.921254,4483.839323,4471.815807,4529.652563,4547.493205,4609.747738,4713.235482,4846.173694,5010.470233,5192.949978,5368.053158,5480.916696,5673.303632,5787.952574,5973.337747,6131.784088,6285.601838,6406.471352,6497.912747,6607.453489,6662.858359,6729.848601
Croatia,HRV,,,,,36783.07428,39548.33008,42414.55024,44451.31057,45517.53873,48841.24022,52330.77134,55571.12651,57573.46806,58213.34513,59967.32745,62374.07389,64154.33605,64230.21385,60074.90959,61672.89981,64275.503,65148.04237,66641.31161,64652.4372,65262.82525,67260.15617,68344.77733,69145.11214,70010.9998
Haiti,HTI,9085.46448,8476.176851,7903.563694,6851.399056,7401.735138,7578.801479,7645.060271,7666.82683,7729.472598,7735.394954,7600.02074,7568.866187,7721.944873,7528.664144,7703.092003,7742.658014,8082.719425,7999.339464,8271.684005,7706.6103,7915.492383,7707.998814,7753.05224,7816.69084,7751.585042,7698.913017,7688.84154,7636.020575,7340.700932
Hungary,HUN,41927.70313,40479.70758,42592.69383,44545.39926,45660.7342,46782.77108,48517.70998,49695.19837,49229.77585,50979.22972,52719.81098,55144.48252,56536.25231,59562.02562,61944.85019,64182.94415,64535.07983,65946.86211,63046.74115,63956.96521,64838.87067,63140.83776,63247.60243,62404.63946,62915.71557,62178.60609,63829.95549,66716.11668,69285.07982
IBRD only,IBD,11811.00163,11641.84892,11761.5471,11839.56952,12107.30568,12520.51935,12920.2599,12999.3117,13291.18621,13802.08604,14132.65414,14594.535,15251.4574,16100.249,16955.18517,18067.44958,19328.62916,20194.53326,20541.62149,21874.06929,22958.80289,23902.84309,24902.5907,25854.47872,26772.59922,27864.94319,29083.67608,30184.67194,31098.15029
IDA & IBRD total,IBT,10857.60476,10699.69401,10771.86356,10803.75906,11022.01379,11374.38372,11693.73918,11750.19819,11982.22223,12401.08925,12676.19658,13065.5575,13613.14355,14337.9395,15062.75771,15992.38925,17045.48982,17754.75438,18040.90204,19121.17115,19994.19605,20780.06769,21612.80206,22383.00003,23097.85805,23946.4047,24865.15532,25692.40351,26348.46852
IDA total,IDA,6235.816507,6176.301258,6059.600347,5925.073201,5975.271132,6097.588428,6109.763585,6144.220958,6174.916784,6238.776381,6366.383203,6527.52841,6688.215672,6947.88535,7203.391406,7470.338249,7759.66809,7969.589751,8198.862935,8459.600431,8670.333761,8963.149092,9306.788506,9614.229078,9828.116231,10004.24714,10173.12137,10365.95699,10475.95673
IDA blend,IDB,9661.428738,9722.278305,9496.331767,9341.299858,9378.167708,9539.54701,9421.354498,9434.601343,9374.293313,9421.028074,9583.242575,9939.350187,10143.95205,10586.30804,10965.24209,11298.60232,11589.61629,11713.41567,12009.14415,12317.9224,12523.72949,12911.44471,13473.99241,13895.99602,14107.75041,14276.3207,14401.19294,14567.15498,14436.67405
Indonesia,IDN,11642.93751,12038.09713,12663.36114,13243.51952,14007.03782,14780.71036,15192.64074,12912.88841,12774.93902,12998.75321,13417.58255,14123.85993,14674.15409,15220.41388,16240.32375,16713.05106,16975.30257,17451.67623,17769.49713,18358.98141,19031.90195,19563.40152,20488.93436,21165.07715,22034.95466,22852.40516,23303.47647,24014.66726,24426.25477
IDA only,IDX,4650.581957,4526.512728,4476.73886,4349.022364,4428.259863,4530.677308,4601.978622,4651.173236,4724.222391,4788.378736,4904.94516,4968.730788,5102.265668,5267.998171,5474.522504,5711.314615,5991.57125,6243.693089,6426.362652,6659.17911,6863.225446,7133.213743,7401.208591,7655.273644,7878.346735,8100.963211,8317.632056,8531.56906,8757.531379
Isle of Man,IMN,,,,,,,,,,,,,,,,,,,,,,,,,,,,,
India,IND,5221.101386,5384.719815,5514.156605,5740.986873,6038.810251,6356.63337,6471.52108,6722.512634,7159.85016,7271.138964,7434.483391,7530.460165,7922.806836,8337.253449,8774.069468,9409.0645,10056.3778,10299.06997,11070.53622,11944.41084,12549.18629,13205.29503,13919.91465,14809.77592,15853.13833,17011.83161,18067.99292,19034.4927,19534.49259
Not classified,INX,,,,,,,,,,,,,,,,,,,,,,,,,,,,,
Ireland,IRL,76749.84589,79265.87436,79968.84434,81591.28499,85390.32872,88688.43912,93820.48646,94197.5312,97630.32352,101765.4614,104327.4977,108529.5302,109600.4518,114121.8848,114048.0506,115487.8484,117984.228,113824.3136,117216.2634,123941.67,126739.1308,127607.3488,125726.0776,133350.841,162159.6261,162590.0954,171049.1506,179930.9401,184915.4485
"Iran, Islamic Rep.",IRN,42572.42178,42710.42993,42166.91644,40534.13157,40429.25755,41252.60549,39987.82777,39408.70985,38299.68556,38980.29015,37717.77831,38863.12552,39707.44173,39026.79081,39338.64828,40890.4952,44002.12402,45478.22707,45436.09092,48991.88176,49428.51616,45634.92475,44267.4123,46253.23695,44190.19033,48594.45026,48652.92065,45125.14764,40974.95141
Iraq,IRQ,13346.94572,17136.90787,21510.40423,21454.88599,21112.60536,22547.89811,26353.35936,34337.40248,39029.97768,38237.77508,37885.09656,34172.22358,22155.83485,33168.3904,33712.81807,36388.29313,36255.78735,38470.22325,38997.07409,40380.71968,41530.89946,45069.54927,46031.08773,44072.60959,43273.73504,48276.12244,48329.50071,46273.2625,46829.0263
Iceland,ISL,61738.49101,59182.7195,60527.89945,62103.73115,59830.18389,62089.58747,65756.77586,67662.88125,67566.89505,68521.1373,70153.6219,71636.15254,73616.94724,79126.5473,81964.65883,83305.17508,87856.86438,88989.73141,87833.55768,84683.92069,86142.51591,85698.74153,86821.27763,85751.43518,87066.98911,89571.03347,92385.5174,94819.63228,96317.63268
Israel,ISR,67417.87062,69762.50831,67667.56286,67350.33691,71008.83827,72951.74883,75368.00056,77634.41892,77813.77127,80528.59647,79369.00599,79619.99333,79003.54414,79692.35851,79276.79367,80860.8501,81921.92549,81221.11084,81555.03949,83091.15615,84638.1878,83945.12861,85132.55053,85901.90425,85708.84916,86915.4075,87922.00977,89024.91253,90677.8273
Italy,ITA,97309.97615,100429.3794,101163.0005,105193.6407,109591.7938,110795.089,112849.303,114368.316,115005.2893,118129.3477,118141.2203,116617.202,114828.1916,112660.4386,114160.1799,114834.1939,115747.6692,113899.3841,109977.9975,112827.1059,113540.7654,110477.7149,109684.7425,108652.2151,108604.009,108613.1686,109096.0512,109183.06,108761.6429
Jamaica,JAM,22654.46877,22799.84523,24805.1251,24545.12147,25292.18314,25123.01702,24904.47328,24108.94568,24307.00477,24368.48743,24410.95782,24583.34943,24687.73767,24722.85998,24713.40538,24930.00807,24908.41965,24649.91858,23634.66084,23329.244,23593.47512,23555.17116,23323.50629,22811.67709,22574.70568,22123.98393,21479.00675,21338.57484,20749.90562
Jordan,JOR,41844.59138,44483.89266,42805.99572,40301.25606,38899.52013,37991.17818,38228.69262,38523.51458,39072.00144,39912.8065,41616.2534,43706.12507,44607.10819,47034.12445,49174.10794,50841.1121,50308.64547,51462.53706,50411.2908,49489.51521,49051.57394,48039.86469,48058.33812,46792.2091,46404.40597,46658.48638,46320.26361,46162.02056,46174.6036
Japan,JPN,64536.2814,64326.84745,63869.44315,64467.81272,66099.06502,67748.43083,67865.82186,67526.42891,67992.88312,70058.64689,70621.51563,71452.96145,72589.12362,74097.63258,75089.38862,75837.45981,76531.75443,75827.21243,72756.6793,76090.84653,76248.2217,77687.23576,78592.92303,78313.34848,78888.21553,78483.36389,79411.5151,78098.83855,78055.24496
Kazakhstan,KAZ,24558.36152,23175.80104,20930.89739,19575.32109,18852.46199,19586.26808,20190.77583,20066.80137,20823.21038,22768.91098,25198.80714,27249.25813,29419.67291,31926.5465,34284.24019,37194.97085,39564.10313,39586.60154,39395.53938,41212.75036,43646.90912,45261.1379,47507.96824,48941.57746,49165.49721,49971.28305,52378.30278,54306.70093,56561.20038
Kenya,KEN,8627.329683,8237.022789,7958.538679,7866.547831,7918.297504,7974.689663,7757.310958,7767.884939,7700.558191,7595.291002,7766.134169,7690.14878,7794.677353,8077.097103,8450.902183,8565.317451,8729.271917,8359.080915,8272.072643,8579.766834,8714.809138,8721.218465,8838.839047,8915.063411,9032.932919,9167.288439,9322.77486,9623.64524,9847.494433
Kyrgyz Republic,KGZ,12830.09833,10605.87911,8865.692017,6860.11078,6387.150729,6885.169669,7532.145234,7636.324316,7710.178548,7924.422433,8264.131358,8499.808774,8676.900069,8963.83897,8549.94727,8571.122461,9228.192607,9982.121072,10264.48617,10089.03166,10498.50053,10448.08496,11668.61988,11949.43551,12163.68123,12629.91754,13273.94795,13783.56843,14174.84235
Cambodia,KHM,,,4145.174706,2592.887596,2761.846263,2837.046417,2832.82116,2835.275461,3051.033544,3275.100859,3185.633903,3307.18008,3523.969305,3846.134053,4216.078582,4514.50529,4817.52499,4956.675348,4799.961116,4818.063302,4999.360072,5392.798037,5847.000407,6159.555316,6475.463194,6655.541028,6958.684339,7368.278452,7773.66124
Kiribati,KIR,,,,,,,,,,,,,,,,,,,,,,,,,,,,,
St. Kitts and Nevis,KNA,,,,,,,,,,,,,,,,,,,,,,,,,,,,,
"Korea, Rep.",KOR,31267.56399,32592.82092,34512.45495,36562.66146,38989.72458,41283.60323,43032.20865,43332.70513,47335.93145,49481.34572,50813.99794,53310.78113,55099.30485,56858.97353,58963.37757,61335.83111,64032.98209,65582.74877,66391.26434,70029.73711,71189.85349,71642.82717,72946.46627,73505.02229,74475.59485,76065.78873,77593.01321,79527.65152,80406.65193
Kuwait,KWT,,,,,137783.8276,136067.6332,131829.5102,126934.1771,115740.3294,114822.6827,111634.6212,112795.3434,130916.2787,141145.2668,149848.8763,152861.5288,152630.8379,145975.8718,124676.5332,112553.8986,115492.3695,115175.5498,109061.8494,103455.5283,98056.17126,97644.27296,90290.37047,89616.6906,88492.65964
Latin America & Caribbean (excluding high income),LAC,29627.65307,29446.0371,29783.86844,30674.04065,30366.7991,31123.89699,31606.74734,31736.61475,31417.91852,31850.46333,31026.77787,30558.718,30557.72089,31135.36494,31470.44579,32134.02169,33169.84833,33668.58611,32549.35602,34183.49065,35167.47382,35092.6201,35626.97209,35674.43557,35493.22674,35433.92871,35639.41707,35533.60146,35194.2602
Lao PDR,LAO,4520.119849,4655.658991,4814.494025,5087.419347,5316.966201,5568.740865,5824.461844,5923.620831,6219.468978,6435.137371,6643.547536,6878.120564,7128.696028,7400.328346,7724.458312,8147.273061,8511.121533,8913.626947,9322.152145,9843.760528,10362.54267,10909.99012,11497.7343,12083.58122,12677.46703,13284.13594,13918.98046,14506.77889,14886.56733
Lebanon,LBN,42094.67041,45870.11396,47226.09545,47655.44002,47837.15836,52018.44421,51344.94782,52204.02397,50447.47317,49191.43049,48812.28111,47771.16751,46547.64751,47343.54929,46936.39139,46602.63122,50327.84561,53675.85292,57645.67465,60328.3311,57818.67188,55813.57098,54618.08456,53153.84786,51166.71514,50237.80049,49538.68502,47771.77085,43807.49405
Liberia,LBR,,,,,,,,,,4078.62225,4050.951013,4105.927106,2804.027498,2819.678369,2889.918564,3016.050876,3174.903514,3262.23728,3302.517099,3375.960325,3534.005047,3701.65482,3909.683782,3822.423522,3711.772376,3502.574453,3488.083055,3432.346395,3259.75966
Libya,LBY,,,,,,,,,69946.70845,70033.00365,66470.19812,63563.58552,69257.33436,69708.06873,75224.49733,77580.5198,80072.20841,80078.69083,78105.5172,80458.5269,30082.75016,66396.93337,56855.75401,42764.12412,38575.3529,36867.49383,45797.00613,51667.60143,51984.31064
St. Lucia,LCA,34653.16741,36675.07862,36270.65732,36274.57204,35735.30305,36253.90853,37059.69431,39036.53531,37477.17366,35933.85146,34688.95849,34650.91544,35821.29855,36632.08738,34289.53777,33991.61701,32618.03771,32679.33393,31834.3162,32227.34492,33875.83361,33133.64167,32684.50984,32280.01519,30943.45582,31338.65015,31570.3449,31695.83532,30884.01824
Latin America & Caribbean,LCN,29977.46202,29905.78024,30275.88423,31176.39696,30949.48311,31761.73743,32309.31427,32507.7541,32252.40054,32724.54197,31983.59609,31552.15505,31570.46183,32223.29702,32572.63033,33256.62471,34286.15138,34778.36719,33683.86405,35283.08699,36279.77261,36275.94988,36841.37276,36903.44556,36759.73536,36727.32277,36916.01844,36836.39302,36512.48416
Least developed countries: UN classification,LDC,4024.518417,3928.156273,3815.782357,3725.41408,3826.730442,3939.248691,4008.297386,4047.989671,4114.446611,4179.39152,4289.727096,4394.225155,4519.77901,4696.056226,4939.728085,5191.19945,5499.987517,5760.948762,5931.842713,6160.675291,6324.495323,6568.848412,6797.770048,7029.958643,7205.875832,7357.932585,7496.412134,7642.614303,7813.013358
Low income,LIC,4370.016859,4073.247783,3937.458348,3766.151766,3817.701473,3902.588119,3964.2103,3967.154876,3987.220936,3979.209504,4082.546905,4127.197456,4219.653461,4338.805507,4520.19989,4723.877936,4990.019338,5204.99791,5356.047294,5575.787267,5678.017642,5843.082619,6014.89974,6193.847565,6330.541331,6454.724322,6550.507428,6606.546313,6687.617316
Liechtenstein,LIE,,,,,,,,,,,,,,,,,,,,,,,,,,,,,
Sri Lanka,LKA,11444.06136,12187.95604,12715.41239,13050.32558,13924.33917,14063.15006,14592.02005,13950.41038,14713.21136,15466.80381,15099.90121,15689.67045,16366.84158,17139.58381,17928.37713,18946.79829,20007.14565,20926.66059,21721.13922,23511.80807,25274.78535,27861.06407,27919.96231,29467.64728,30222.00996,30938.39354,31504.92389,33506.62035,34218.40616
Lower middle income,LMC,8030.848866,7988.270113,7827.435763,7712.557027,7851.383631,8069.923361,8160.595676,8327.523456,8585.545798,8748.260833,8941.657221,9122.921287,9483.241748,9920.599178,10326.70148,10869.17231,11436.31818,11744.37241,12144.56816,12767.89625,13233.95008,13779.6014,14336.33833,14945.54462,15588.9994,16313.16749,17003.4278,17641.90518,18034.33798
Low & middle income,LMY,10491.76532,10334.59068,10394.8385,10408.08649,10601.45353,10933.22637,11244.52232,11290.73444,11517.67731,11921.94843,12188.99385,12560.82284,13100.17798,13802.34642,14517.3078,15423.91046,16454.76463,17143.89179,17442.43292,18528.11946,19385.40358,20169.77007,20998.50766,21763.64464,22465.57321,23306.12912,24209.20624,25015.36125,25654.52031
Lesotho,LSO,5155.506061,5353.275006,5387.548833,5543.923838,5559.397781,5734.021822,5815.886707,5707.340214,5572.948986,5666.341937,5775.465868,5765.830087,5982.806815,6030.604822,6172.343582,6359.495692,6576.274704,6923.755873,7027.864791,6994.39508,7256.844634,7623.785327,7809.587644,7913.452932,8004.171844,8303.364865,8071.433322,7916.685032,7745.798632
Late-demographic dividend,LTE,10344.92554,10041.09665,10189.23536,10359.7966,10726.35459,11063.22253,11487.58946,11613.00457,11991.68193,12638.66233,13196.08686,13842.108,14660.25143,15626.64796,16605.36325,17911.15229,19459.03967,20617.84521,21115.10949,22572.85463,23906.60088,25079.12771,26270.94764,27388.45706,28446.37642,29607.16312,31006.20157,32471.53376,33951.98661
Lithuania,LTU,,,,,26504.60176,27794.05389,29652.10829,32032.48319,31503.89731,34256.99633,37760.25148,38890.97866,41525.54811,45606.1046,49109.11476,52751.42033,57692.65087,60146.31673,55582.74534,59996.65111,62152.90625,63504.04119,65060.75753,66182.69435,66844.88549,67041.01071,69952.10482,71811.2041,75155.10298
Luxembourg,LUX,171997.9189,171491.8536,179324.1876,186563.6961,192681.5336,191896.658,198303.2065,207666.1323,217881.9857,227004.0592,231063.1577,234657.4479,241205.2665,245436.0122,244230.937,250629.2699,266103.7092,260119.2676,234208.1676,239959.3439,241844.608,230478.6468,233363.556,234031.4704,238406.7411,247571.5969,241392.585,241601.9374,238946.3718
Latvia,LVA,,,,,24532.00311,25990.85274,26447.99463,28585.29866,29821.48639,32563.01589,34441.72306,36077.89319,38980.70038,42065.2846,45899.02443,48592.7963,52147.4966,50691.81397,50537.38015,51530.40069,54089.75262,55340.04965,55668.87923,56426.13199,57923.36189,59236.70342,60730.10941,62509.53285,64097.05122
"Macao SAR, China",MAC,117082.1751,127443.1178,130994.2054,134193.2287,133369.2165,115542.6262,112558.3222,107143.0896,104064.3276,107879.2177,105680.0904,114025.4881,124937.3499,148260.8184,150237.0936,159294.6293,168776.3806,166142.9252,163288.8617,196294.3775,230596.0264,245188.979,265182.6649,253431.1124,195792.4863,194064.9612,212169.9243,221081.0709,210110.9608
St. Martin (French part),MAF,,,,,,,,,,,,,,,,,,,,,,,,,,,,,
Morocco,MAR,15445.24113,14695.62302,14221.35996,15437.38534,14140.42337,15616.3332,14931.96945,15650.04086,15419.07088,15281.9418,15852.08492,15956.91184,16492.88109,16697.94005,17032.17128,17839.96615,18156.69767,18971.65192,19277.09508,19689.62287,20322.54071,20881.33206,21712.83787,22434.97206,23441.365,23719.59885,24777.37218,25160.52995,25401.74281
Monaco,MCO,,,,,,,,,,,,,,,,,,,,,,,,,,,,,
Moldova,MDA,,,,,15490.36799,14732.74135,15057.38704,14063.43298,13564.68437,13449.6877,14226.72025,15436.6725,16777.44935,18192.07936,19773.9584,21288.61114,21984.34061,24121.30125,23992.66877,26519.24231,27369.29811,27866.50906,29672.61507,30860.55104,28963.86263,31691.85906,34081.02109,39658.737,39304.53428
Madagascar,MDG,3785.548772,3717.719218,3683.255375,3567.266521,3511.502359,3478.474472,3494.859239,3517.725096,3568.198222,3607.086654,3689.114336,3123.640672,3315.242416,3334.157489,3344.427149,3396.298019,3462.500814,3567.098123,3316.096146,3226.737125,3108.587846,3064.507291,3057.472817,3086.98461,3118.651288,3144.325864,3168.696157,3213.691933,3268.93319
Maldives,MDV,,,,,39256.3618,40403.3889,41765.1659,42729.90647,43022.66031,42184.72597,38708.53861,39543.13868,42777.96991,43212.83433,35889.05024,43563.47807,45245.55963,47788.09715,42936.30292,41620.27736,40520.96128,37233.45233,35878.29209,34736.13309,34120.76663,34945.10438,35219.77788,36062.95969,36977.19626
Middle East & North Africa,MEA,44394.65962,45694.60245,45534.32184,44928.05513,44728.81914,45277.54663,45303.48865,46247.18236,45378.22083,46636.67652,45958.71596,45467.90835,46126.53267,47312.981,48050.56779,48970.7416,49604.17258,50704.73023,49517.06878,50522.09704,51469.12768,52150.51364,51971.29696,52770.70324,53245.3562,54690.80705,55015.4856,54796.84206,53990.23446
Mexico,MEX,43868.90541,43804.9407,43077.84603,44715.30806,42238.58102,43212.37467,43472.12703,44611.18022,44881.61817,46269.21716,45523.49949,45074.29427,44749.56127,45392.85873,44671.70982,45185.56416,45211.72752,45075.0292,42497.60609,43890.10556,44509.97542,44634.1377,44584.98399,45452.29412,45799.36435,46079.84013,46212.89809,46217.76447,45023.95098
Marshall Islands,MHL,,,,,,,,,,,,,,,,,,,,,,,,,,,,,
Middle income,MIC,10944.44337,10794.6968,10870.5164,10897.8971,11109.55914,11463.33801,11797.81269,11854.28796,12102.12878,12539.71794,12829.7039,13235.21697,13818.18844,14573.31764,15342.55046,16315.87629,17420.3344,18166.28134,18499.47044,19675.17469,20614.22204,21472.75869,22386.81627,23231.89796,24018.35387,24963.59358,25978.40056,26893.95853,27630.44315
North Macedonia,MKD,40965.20423,38229.09502,35360.2187,34812.61916,34384.0169,34634.55607,35057.19761,35277.27911,35529.58425,36529.13964,34092.33511,34916.77327,37801.56194,39507.58856,41056.5475,42015.47858,43280.37087,44033.96855,42300.35875,43198.38066,43689.19193,43354.07822,42746.68925,43500.10885,44153.92982,44384.86011,43854.93186,44070.76891,43276.30689
Mali,MLI,4321.162164,4082.805823,4105.697759,4146.202067,4068.492636,4247.458874,4335.692717,4567.854884,4727.074454,4617.066404,5220.006778,5266.165774,5622.581749,5577.737423,5812.386906,5957.821548,6035.298251,6018.169589,6042.448783,6082.032505,6027.352721,5790.67744,5741.417528,5977.864675,6269.285484,6488.471443,6675.774127,6763.289697,6851.780374
Malta,MLT,51467.17284,53208.9401,54935.03436,57518.91246,60722.33868,62078.947,64553.14422,67049.12965,69303.62993,73164.14601,71393.98561,72626.22679,75608.88425,76881.83868,77974.16058,78633.33063,80103.39735,81583.7393,80238.88136,82795.61762,80847.03402,81143.49335,81888.40733,84494.72621,89746.10398,89444.03168,92462.30873,91516.84645,90737.61974
Myanmar,MMR,1299.825679,1402.913472,1463.352758,1547.3033,1626.218739,1700.2363,1763.054727,1832.818588,2004.078152,2252.592379,2485.694611,2763.706216,3129.294384,3537.426747,4003.091467,4517.965095,5048.991191,5551.408709,6124.541644,6688.988276,6997.660018,7446.032637,8006.349203,8571.217231,9090.660527,9773.233522,10583.82894,11034.63523,11546.87764
Middle East & North Africa (excluding high income),MNA,28741.26474,29238.45638,29297.80014,28764.06209,28960.86916,29592.16892,29596.45174,30737.77608,30900.71576,31581.55586,31491.60346,31714.01774,31450.40329,32222.12446,32788.89904,33618.26401,34749.98306,35755.82411,35926.54416,37149.06438,36858.32448,37232.93035,36962.00962,37576.75005,37784.161,39694.9294,40543.17673,40079.51285,39396.24418
Montenegro,MNE,,,,,,,46974.71965,49461.63717,44757.19441,46212.78988,46529.86787,47323.8658,48299.12907,50280.73416,52148.84192,52088.18726,51859.04968,53755.23103,51721.37661,53310.76448,54933.71709,52124.80467,53484.10979,51025.54152,51408.16769,52468.35048,53789.55263,54780.58513,55834.09144
Mongolia,MNG,13866.08863,12191.44888,11516.26217,11531.34007,12068.83131,12037.37972,12241.27792,12385.27729,12480.60594,12288.84417,12337.44927,12601.73589,13237.90394,14349.01004,15048.55225,15992.45252,17297.63477,18147.64848,17620.33256,18584.5213,20704.76665,22942.69604,25138.77184,26721.76948,26990.33508,28188.46698,28784.53461,29902.96824,29853.05335
Northern Mariana Islands,MNP,,,,,,,,,,,,,,,,,,,,,,,,,,,,,
Mozambique,MOZ,1081.564628,973.3917849,1029.445987,1049.694392,1031.427594,1115.160417,1210.068997,1288.286365,1396.459376,1371.235961,1495.984707,1591.554735,1655.871441,1746.068129,1819.715682,1957.695735,2067.218241,2174.873298,2272.026519,2373.776339,2501.62994,2632.668431,2763.027196,2908.216162,3040.257857,3060.028162,3074.35796,3078.481162,3047.546764
Mauritania,MRT,18104.3617,17984.40757,18595.30973,17538.67708,18807.70681,19404.53734,18082.54381,18092.00639,18257.62767,17007.20994,16515.69094,16386.603,17125.3609,17509.38156,18553.85219,21424.91262,20475.95596,19905.70639,19507.7555,19533.57011,19857.69169,20242.55957,20476.06722,20711.24009,21175.96301,20840.77583,20944.27372,20667.26221,21206.24771
Mauritius,MUS,21222.81238,22240.97268,23076.99994,23643.62939,24354.19619,25493.79723,26549.52375,27741.67902,28005.07823,29913.36827,30529.57032,30492.26176,32160.96973,33424.26725,33840.29445,35124.08686,37027.39806,38027.36863,38938.45343,39956.305,41693.6444,42618.48209,42872.75121,43996.76743,44942.29304,46577.3259,47760.93327,49569.00367,50998.25916
Malawi,MWI,1770.519973,1627.961896,1784.113893,1594.221644,1846.219071,1954.888602,1989.511955,2019.351009,2031.082874,2012.795463,1873.917026,1866.540153,1929.344842,1985.605676,1998.295364,2034.354453,2166.049524,2264.917554,2387.541339,2475.378277,2515.656858,2479.780449,2522.010844,2581.464171,2571.033144,2551.664958,2570.924921,2570.061513,2599.608898
Malaysia,MYS,28954.93312,30661.97593,32921.41352,34802.06032,36995.31275,39266.26743,40850.23484,36749.56241,37909.64865,39899.39078,39243.6417,40268.048,41518.96411,43117.18959,44160.33855,45469.1772,47158.39701,48684.06794,46721.04664,48805.57682,49050.55732,49741.21044,49851.06056,51458.69688,52977.84932,54633.14201,56655.81824,57882.74801,59390.48364
North America,NAC,82775.89909,84912.34366,85871.67296,87043.14322,87695.93064,89486.69217,90820.82828,93060.89333,95728.75022,98094.80058,99103.72923,101201.2719,103730.2113,106344.527,108389.6698,109726.0047,111109.8274,110964.937,111927.4937,115231.2077,116178.5847,116468.1043,117613.1998,118633.5256,120051.1607,120053.1,120971.219,122875.4984,123747.715
Namibia,NAM,24450.68725,25455.13774,24336.22431,24060.3917,25165.58908,26248.77447,27665.16318,27184.00857,26784.36954,26403.46795,26093.0575,26763.86238,27283.54937,29924.21067,29798.27926,30822.08848,31434.64449,31315.19136,30715.18147,31693.83481,31351.20984,31092.39036,31511.49964,32563.79803,34643.22413,35209.68711,34039.09005,33296.5473,32055.18598
New Caledonia,NCL,,,,,,,,,,,,,,,,,,,,,,,,,,,,,
Niger,NER,2698.263367,2661.711093,2578.445778,2532.884804,2501.194004,2420.236321,2373.127705,2520.752302,2427.23865,2312.494825,2402.024156,2446.292711,2424.11617,2358.116089,2454.308927,2497.840709,2474.97148,2563.723456,2513.368728,2622.326123,2582.524189,2877.738084,2977.154964,3138.759339,3150.982666,3206.913584,3238.919315,3339.610146,3399.686263
Nigeria,NGA,9840.621253,10058.38574,9602.143602,9179.886994,8929.32449,9083.283388,9119.783458,9117.156652,8929.416118,9136.114196,9446.290978,10661.49533,11165.3528,11898.77782,12335.5476,12750.22203,13238.23153,13768.02826,14518.64119,15287.56741,15687.62429,16604.52284,18004.65418,18989.32491,19133.18001,19124.61977,18690.85063,18225.08481,17846.67186
Nicaragua,NIC,11056.6193,10835.81544,10550.24058,10634.27983,10978.42589,11220.37252,11210.25018,11179.39854,11530.21398,11526.87046,11512.89365,11279.62005,11254.31183,11395.89534,11451.68254,11606.80826,11776.80745,11990.37909,11507.89477,11647.38822,11872.18298,12151.93228,12437.76364,12616.60559,12969.47329,13169.55854,13421.66317,12914.07416,12191.16567
Netherlands,NLD,85789.06885,84559.89918,85425.22643,87312.65421,89195.79337,90395.14877,90994.50539,92404.52203,94431.37733,95147.72859,95043.76975,94134.24924,94856.34699,97143.83373,102250.1197,104261.7758,105057.8424,104830.9088,100740.0506,103050.1453,104402.2891,102958.9819,104091.7683,106009.9223,106648.0014,107776.7215,108839.1492,108853.6083,108444.3216
Norway,NOR,91139.39846,94573.31913,97240.76629,100313.492,103420.213,104700.1508,106930.8358,106544.5957,107915.0627,110500.7721,112581.5805,113503.9762,116218.0354,120152.2528,123025.7228,122958.7972,122613.1878,119678.4692,118284.2893,119232.0064,119163.5044,120223.5604,120641.2474,121974.0495,123637.3178,125115.1887,127641.8345,127101.7053,127060.0983
Nepal,NPL,2996.069355,3028.960044,3050.942643,3201.296395,3214.264384,3304.663498,3392.712304,3419.501813,3495.346043,3640.906863,3744.550883,3681.80389,3760.210851,3868.961946,3937.958427,3987.820634,4046.90122,4224.830853,4363.991173,4529.032258,4669.839284,4886.581725,5080.410843,5361.416365,5495.833955,5387.388949,5659.179101,5847.435053,6055.867061
Nauru,NRU,,,,,,,,,,,,,,,,,,,,,,,,,,,,,
New Zealand,NZL,60694.4946,61140.01804,63743.22116,64249.62611,64356.96913,64725.42632,65758.37056,66687.99194,69229.24612,69869.07645,70395.80243,71326.57227,72803.08843,73175.05721,73460.24487,73856.50902,74775.22102,73709.52147,74615.31075,75404.68832,76184.90787,77967.39584,77999.70191,78044.90653,79168.97266,78721.0564,78262.26729,78970.07877,80095.4379
OECD members,OED,67600.80259,68798.74772,69736.34736,71059.88088,72125.2119,73581.78367,74864.27025,76320.75284,77960.98829,80155.75497,80599.52016,81679.99346,82775.19104,84766.77655,85810.80553,87164.06722,88286.52953,87870.95212,86240.91425,88460.81659,89452.06878,89676.69946,90384.22457,91142.92252,92059.75605,92318.41688,93296.29647,94049.66513,94599.71443
Oman,OMN,87107.02624,86899.40813,84993.22994,82343.83044,81966.9871,84674.82584,90811.80459,94291.82918,95018.41692,101150.2819,103740.8671,99242.41416,92535.74108,89876.56495,88001.35018,87200.58517,85145.89877,85379.37355,82769.17804,76297.32684,70249.58202,68253.04086,64156.05606,58925.72054,56652.16214,56301.40437,54205.9566,54278.97849,51625.56982
Other small states,OSS,,,,,,,,,,41066.25892,41900.40265,42815.5203,43701.73386,46056.85181,46901.56212,49088.69888,51204.42809,52240.90978,51320.90561,53503.78984,55225.53247,55341.64428,55537.05483,55892.3354,55863.97781,56045.57128,55169.28568,54720.7012,54446.21208
Pakistan,PAK,10411.77572,10934.51843,10948.85932,10971.19255,11438.73419,11496.71808,11109.34027,11033.50693,11008.58587,11018.72218,11108.93329,11066.41805,11252.73089,11630.72063,12110.73,12548.78759,12749.809,12595.97876,12480.4269,12244.79854,12260.28251,12381.57265,12664.55876,12799.4552,13058.87267,13528.30271,14013.28266,14557.35032,14324.02334
Panama,PAN,31362.05867,32461.24117,32785.41094,32631.43176,31771.77475,32191.01409,33389.53428,34892.88699,35336.98175,35233.84776,34439.37285,34234.36738,34682.77617,36161.13908,37709.01527,40569.80074,44037.67308,46216.42741,46644.10445,49251.33449,53969.42136,56374.76824,58154.47816,60500.23624,62612.42941,64108.40441,67180.2823,66483.59176,67016.23704
Peru,PER,15580.6067,14801.00777,14902.37432,16017.85198,16278.05101,15860.01015,16022.14404,15379.21438,14999.54587,15424.74395,14515.23646,14635.83438,14688.62694,14832.8502,16005.76263,16198.3743,16758.73598,18011.42149,17853.42755,18831.22804,19867.56525,20753.70282,21857.0217,22180.5509,22875.86566,23342.94047,22797.20049,22935.74084,22766.67567
Philippines,PHL,11496.7299,11180.28096,11095.5416,11285.67751,11493.05387,11866.79646,12166.87545,11744.97194,11811.86239,12025.81118,12103.90656,12270.8344,12679.20176,13170.66762,13486.83946,13856.29541,14302.42069,14586.78876,14335.81283,14955.89902,15016.56586,15804.68646,16581.7675,17100.19821,17877.60067,18688.74763,20377.83273,21202.40354,21831.78245
Palau,PLW,,,,,,,,,,,,,,,,,,,,,,,,,,,,,
Papua New Guinea,PNG,6354.565815,7118.508339,8320.361253,8605.519247,8032.976738,8463.807853,7850.590926,7294.333723,7226.578935,6826.636412,6848.096654,6886.833903,7100.775385,7374.806866,7941.915699,8487.516629,9299.617581,9452.536458,10336.93108,11682.46046,11569.44356,11832.96945,11994.92004,13421.53675,14048.07381,14480.76389,14638.2658,14187.4732,14706.40164
Poland,POL,26242.43308,26805.74143,28117.25438,29994.67737,32036.29445,33718.98975,35481.05842,36626.87428,39507.77363,42918.50273,43903.76921,46156.48861,47676.72731,49977.08642,50120.79609,51384.43541,52426.50582,52450.43938,53735.62381,56012.48036,58455.64906,59117.92957,59814.30038,60535.59955,62330.77553,63150.61089,65081.70731,68016.44868,70962.17528
Pre-demographic dividend,PRE,6518.887594,6481.392045,6261.165131,6080.097571,6092.934915,6267.623211,6433.803615,6699.946496,6810.377441,6813.317284,6954.074544,7172.808808,7020.636763,7605.168908,7878.37359,8192.931027,8487.201114,8804.285383,9035.000201,9398.897726,9551.759214,9954.553791,10304.76483,10536.8994,10562.7573,10627.77426,10501.00222,10372.32662,10334.41338
Puerto Rico,PRI,78565.66828,82068.93556,81998.82319,82817.93882,85567.59364,84243.74229,85608.49931,89034.13232,91450.24629,94563.13176,100807.803,101230.7913,100602.344,107548.6825,105506.5088,103104.6231,103558.2933,104624.8715,108438.3432,110946.6296,112589.4317,113700.8789,115852.8185,117431.5634,117401.5123,117437.5668,115281.6872,112452.6443,112932.4724
"Korea, Dem. People's Rep.",PRK,,,,,,,,,,,,,,,,,,,,,,,,,,,,,
Portugal,PRT,52277.54044,54405.92107,53828.22757,54654.69413,57124.02317,58520.17299,59455.96966,59282.98482,60875.74634,61884.12237,61848.09073,61769.51672,61973.84208,63411.77695,64146.26122,64927.64781,66527.0884,66513.43016,66427.52516,68640.15965,69693.80922,69664.68258,70762.52912,70175.38429,70579.0698,71058.92154,71158.04619,71451.9513,72346.44837
Paraguay,PRY,23186.47369,22969.41262,23427.07612,23935.64219,24836.13477,24513.3551,24824.40596,24139.20073,23149.80313,21954.3463,21165.94542,20578.99755,20620.52092,19838.1357,19691.35746,20911.42593,21077.30835,21876.3629,21211.24022,23554.32883,23983.22347,22206.92085,23979.8027,25409.35594,25541.61726,26056.62244,26617.51129,26774.83383,26391.03768
West Bank and Gaza,PSE,,,,20959.66567,21485.54023,20724.83235,22855.91075,25627.05931,27051.76329,23664.01869,26011.62659,24350.05813,23477.22082,28142.79684,28738.06116,27143.96147,26145.7469,29166.95492,29543.29168,30209.13224,29525.91327,30632.32904,31208.55839,30158.36988,29938.64598,32132.03884,32242.44528,32239.2235,30592.72666
Pacific island small states,PSS,16891.17245,17484.33154,17546.53717,17991.98077,18298.19312,18655.30538,18076.33951,18077.88219,18914.23181,18348.80466,18194.4531,18262.23438,18246.27389,18686.07475,18622.19549,18562.77061,18203.76582,18024.3968,17384.21091,17424.94675,17654.68767,17747.15544,18328.87233,19021.76401,19598.41977,20018.46702,20604.83623,20898.46075,20565.62765
Post-demographic dividend,PST,70580.17005,71737.85651,72430.67524,73665.77026,74898.49599,76478.94597,77867.85253,79524.40624,81359.79984,83402.81531,84358.20133,85455.54034,86781.46913,88858.11048,90202.82727,91747.87119,93062.41753,92855.90584,91464.83303,94238.63151,95516.31432,95955.94768,96694.0939,97510.49439,98305.63404,98700.59472,99812.14992,100705.1794,101261.554
French Polynesia,PYF,,,,,,,,,,,,,,,,,,,,,,,,,,,,,
Qatar,QAT,,,,,,,,,,152148.3217,149968.5275,152043.6105,145452.522,154366.2247,140699.0751,143253.0482,134668.1346,129087.6911,121654.2342,126548.0273,132136.1098,128595.8777,127229.1905,126694.2025,126333.5005,126788.0185,122326.8522,121484.207,120185.1586
Romania,ROU,24008.45687,21792.47902,22075.64574,22901.49732,24331.63187,25683.89886,24018.69486,23886.24147,23931.96403,24844.35013,26847.52118,32040.07409,33358.91246,37369.03261,40102.86626,42711.86177,46236.99186,51411.38908,49790.65076,47155.64886,49166.46237,49703.99853,51989.83711,53542.41824,55709.32415,58814.28468,61395.49746,64022.39851,66799.79488
Russian Federation,RUS,42000.2922,35915.22854,33861.14758,31147.73332,30433.69413,29672.78601,31400.59104,30552.91921,30613.02938,32580.23575,34251.22146,34970.87366,37713.2789,39841.67615,41775.28777,44985.03332,47606.16219,49829.9177,46986.08415,48695.66864,50241.91081,51789.09031,52979.18526,53348.5074,52679.08805,52830.0796,54143.67835,55572.57343,57061.14871
Rwanda,RWA,2022.692668,2229.444169,2146.595754,1098.729497,1489.715649,1634.87524,1760.228767,1794.558759,1768.350286,1834.091672,1913.964714,2108.223726,2108.429361,2217.564825,2368.80288,2520.316509,2639.078055,2853.080688,2952.492034,3084.571953,3245.523807,3434.829529,3503.032261,3621.18268,3833.103413,3943.20308,3981.14637,4201.184213,4468.78098
South Asia,SAS,5640.422048,5827.88661,5940.013743,6133.683004,6414.315529,6687.366797,6771.649649,6974.830676,7338.203042,7457.083531,7601.209945,7686.140694,8036.627935,8418.536441,8834.682915,9403.723533,9980.449075,10204.22291,10838.75741,11524.45885,12038.70814,12621.97286,13230.97044,13959.7452,14808.26289,15762.37417,16581.08205,17408.06008,17814.6607
Saudi Arabia,SAU,161584.3428,163187.4737,156984.2088,154567.4971,151909.4501,153022.6884,151515.8477,152316.8591,142411.6907,142880.5433,136623.4308,128269.2287,136203.7301,140191.436,141247.0611,139420.5699,135539.3482,137702.5376,130373.5276,129376.9198,133453.1496,131059.9535,127116.6983,125912.0412,124649.1787,122869.7366,120223.1362,121761.4354,119169.6972
Sudan,SDN,10068.84414,10240.58958,10229.424,9870.6235,10013.73442,10251.0572,11068.50206,11289.96643,11391.0944,11833.16727,12297.80711,12780.83823,13434.44345,13608.61705,14271.57685,15363.92016,16776.21646,17731.36698,17591.39387,18303.00782,18024.9506,17686.15889,17975.20496,17928.34021,18274.85845,18593.79849,18185.45687,17213.90701,16257.41909
Senegal,SEN,8478.585161,8332.244958,8199.735108,7960.475381,8164.996727,8129.671431,8191.161894,8487.246033,8832.447733,8898.948899,9081.563434,8905.045604,9369.240695,9778.562681,10186.18061,10278.60003,10594.39637,10842.96872,10940.84382,11161.97263,11153.69605,11420.4335,11443.35401,11884.92286,12324.84997,12711.74903,13233.95085,13638.87893,13909.1915
Singapore,SGP,79573.24788,82406.10933,88780.62859,94668.10646,97697.37362,100272.2691,102977.4818,97820.83841,103243.7722,108388.5954,103998.0991,110317.1772,117011.4292,126321.6485,130639.8898,134121.7019,136859.7888,129109.2904,126768.0562,137713.3274,142073.3875,142738.8021,146882.9374,148320.617,148933.2718,152274.8514,159042.0182,163717.5335,162496.0584
Solomon Islands,SLB,5341.341273,5836.626413,5857.555223,6125.270397,6522.478395,6399.309955,6112.998442,5982.407511,5748.91562,4724.247751,4195.596324,3951.080615,4096.393782,4250.425631,4366.095004,4464.578525,4550.577563,4701.424715,4695.251614,4962.347398,5183.067772,5124.901324,5238.502827,5147.428812,5075.50617,5232.764193,5363.156047,5422.163985,5336.846259
Sierra Leone,SLE,4288.30457,3464.269319,3537.235576,3487.3887,3208.081287,3265.457853,3054.457546,3077.349768,2959.531199,3077.232182,2772.586196,3371.301753,3520.099145,3500.796487,3554.722471,3631.54422,3861.673272,4016.607593,4102.192396,4266.829014,4485.031701,5104.001791,6085.017032,6277.7556,4814.543207,4977.512926,5053.233713,5091.092721,5235.305413
El Salvador,SLV,15459.54678,16208.05832,16933.35237,16750.9337,17442.47662,17738.21517,18168.07577,17705.77081,17871.54983,18082.11665,18191.98088,18203.02958,17953.94754,18261.1319,18640.25125,18895.24222,18804.71436,18964.59876,18649.05369,18808.54457,19189.19866,19135.85279,19128.12961,19684.70256,20124.70167,20245.06129,20586.62616,20900.74087,21131.79436
San Marino,SMR,,,,,,,,,,,,,,,,,,,,,,,,,,,,,
Somalia,SOM,,,,,,,,,,,,,,,,,,,,,,,,,,,,,
Serbia,SRB,,,,,19450.63727,20740.85633,22600.94914,23475.55263,21043.56487,22292.7317,24089.79969,26086.71537,27821.114,31832.64031,34787.46942,36821.78228,37913.73931,38644.27154,39873.64274,42741.57055,45974.56295,45990.1925,45545.12331,43036.4524,43344.55152,42227.67556,41871.66767,43072.5483,43753.61293
Sub-Saharan Africa (excluding high income),SSA,7706.754458,7466.085185,7195.353181,7060.853336,7095.051725,7268.383392,7322.239464,7300.403311,7270.969123,7298.66157,7423.022046,7692.590655,7796.291382,8060.828447,8326.859303,8601.005295,8905.807148,9120.365506,9225.001409,9564.06266,9746.619821,10009.33994,10290.66037,10528.17916,10557.71488,10482.10604,10454.98969,10401.61173,10353.94851
South Sudan,SSD,,,,,,,,,,,,,,,,,,,,,,,,,,,,,
Sub-Saharan Africa,SSF,7742.0111,7504.064192,7235.485201,7101.857386,7136.662237,7311.461735,7367.42945,7347.913916,7318.587483,7349.291805,7473.695371,7742.243081,7847.350114,8112.178948,8377.691865,8653.117763,8959.862665,9175.236807,9280.358635,9620.56565,9804.421792,10067.69119,10349.35482,10587.61867,10617.91712,10543.93312,10517.74935,10465.30927,10418.18415
Small states,SST,,,32978.88336,33302.10786,34237.30877,35133.65683,36361.01501,36846.63779,37219.07792,38006.61933,38654.67936,39519.63817,40435.73291,42318.81722,43107.30703,45136.94501,46885.59845,47777.86317,46879.66251,48650.61597,50084.46394,50338.95106,50569.54117,50817.9684,50845.58746,50789.29893,50051.61708,49781.79413,49506.46084
Sao Tome and Principe,STP,,,,,,,,,,,9938.412723,10157.13043,10405.32203,10499.2592,10989.70437,11558.51024,11346.98206,11708.23015,11530.73449,11839.33091,11971.76376,12009.52745,12352.08505,12915.81857,13167.61948,13436.62622,13665.19187,13770.88988,13659.94899
Suriname,SUR,47082.89131,46308.62598,41591.0282,40785.64299,38159.95252,38832.49737,40068.79575,40190.50931,40160.36404,39716.92444,40264.36684,40331.97898,41737.56523,44045.13344,45095.02707,46635.51587,47916.48287,48811.66918,49392.60983,50093.80377,52265.43437,53073.27558,52871.27436,52393.38516,50043.63624,46702.49236,46877.48386,47445.49567,47024.56225
Slovak Republic,SVK,,27463.6716,28564.67427,31634.18418,32954.38086,33953.21063,36175.01746,37658.32402,38896.08005,40334.58604,41049.91218,42700.5763,43605.49313,46467.94587,48379.6607,50894.90199,55065.49442,56412.79057,55060.88774,59649.25375,60734.98399,61567.53295,61998.76684,62736.05693,64125.83015,63627.07174,64510.28497,65988.39153,67071.15317
Slovenia,SVN,46141.26651,43941.77543,45554.57487,47778.94223,49006.41073,50222.42004,51704.18742,52777.24299,56366.80084,58421.12425,58981.71671,60335.75621,63831.945,63174.84643,65370.00534,68273.47621,71157.07631,73591.40392,68631.07117,70563.29259,73363.61388,72338.54118,72924.22622,74262.14389,75792.64068,78374.47574,78453.63219,79971.5807,82707.39774
Sweden,SWE,63194.1378,65367.35676,68056.05229,71290.59104,72688.67273,74473.16813,77910.72968,80204.20828,81935.85931,84463.34784,84137.34298,85882.38208,87916.0898,92591.96895,94593.37617,97272.68569,98117.92537,96393.53175,94040.92863,99203.83538,100306.5661,99204.53721,99211.43568,100875.7489,103947.573,104278.3177,104939.218,105351.8874,106118.0353
Eswatini,SWZ,23554.8508,23534.51798,23578.56945,23443.91309,23869.8666,24354.25801,24653.80407,24916.17999,25362.74165,25539.60594,25555.91609,26597.94722,27603.69824,28593.24603,30324.55494,31966.19666,33203.94904,32740.41958,32871.02544,33542.75895,33598.1847,34674.25526,35238.3168,34699.62575,34679.98031,33973.91779,33882.67598,33955.36646,34007.99019
Sint Maarten (Dutch part),SXM,,,,,,,,,,,,,,,,,,,,,,,,,,,,,
Seychelles,SYC,,,,,,,,,,,,,,,,,,,,,,,,,,,,,
Syrian Arab Republic,SYR,,,,,,,,,,,,,,,,,,,,,,,,,,,,,
Turks and Caicos Islands,TCA,,,,,,,,,,,,,,,,,,,,,,,,,,,,,
Chad,TCD,2815.595708,2957.762056,2416.040745,2584.44236,2536.181591,2515.973367,2577.242022,2669.186733,2561.680948,2449.913596,2644.307589,2768.904653,3064.90839,3958.896407,4484.697669,4360.342911,4353.05882,4337.252924,4375.351351,4805.987827,4647.001554,4890.529435,4993.196976,5154.238462,5113.727898,4630.558281,4340.049684,4295.807678,4289.995436
East Asia & Pacific (IDA & IBRD countries),TEA,4507.179844,4869.856562,5289.200653,5729.598325,6181.962817,6598.049904,6939.482291,6907.067325,7225.847323,7629.874643,8089.064541,8650.404484,9311.42594,10004.6826,10860.11447,11857.52561,13080.67939,14059.87958,14987.33706,16285.96738,17444.36426,18601.95461,19815.01491,21022.56854,22312.74839,23642.17825,25089.82944,26547.37381,28020.98408
Europe & Central Asia (IDA & IBRD countries),TEC,32518.14075,29187.13517,28045.59015,25669.02874,25659.13116,26056.95945,27152.40637,27253.08298,27468.51788,29247.62805,30193.49897,31651.71747,33631.01415,36062.08445,37879.01527,40386.40113,42605.4708,44001.63845,42164.66528,43529.62458,45308.90506,46424.78215,47738.82983,48537.22353,48662.37058,49266.98088,50897.2663,52299.54925,53738.93115
Togo,TGO,4306.683832,4044.140475,3348.214783,3775.898914,3973.476225,4189.485447,4635.53392,4354.123578,4297.535093,4104.00105,4008.936858,4043.128911,4195.244438,4028.029527,3716.002583,3697.694524,3517.602841,3531.991574,3607.559887,3701.735878,3810.853202,3947.742266,4073.561242,4195.434863,4314.460619,4464.132041,4568.32444,4660.161739,4773.510006
Thailand,THA,14816.74799,15579.08171,16671.11825,17747.71424,18728.15676,19275.96706,18282.4477,17195.66103,17854.11923,18083.37431,18591.31143,19303.7179,20363.78382,21326.31376,21869.02003,22785.66463,23557.20986,23686.98996,23201.2197,25027.67606,24542.91472,26265.86574,27446.757,28013.25122,28957.71083,30173.00103,31587.72323,32523.98388,33494.97627
Tajikistan,TJK,14313.58139,10011.91013,8589.926023,6837.629411,5985.76395,5061.741703,5076.453511,5402.48641,5405.921577,5677.780484,6015.871552,6436.21893,6870.019781,7221.194214,7504.754001,7839.874957,8274.944357,8769.090603,8874.510738,9157.723009,9563.389506,10003.54567,10471.12596,10897.63647,11293.80174,11825.4565,12697.2002,13587.24746,14499.83911
Turkmenistan,TKM,19511.5709,15739.4418,15422.19632,12443.83599,11505.69219,12267.63892,10494.69655,11162.26859,12957.08249,13243.60786,13385.61394,13005.95345,13077.57496,13379.34067,14833.34719,16125.59971,17489.98553,19631.90922,20293.13182,21668.81952,24513.70621,26858.96735,29220.01726,31804.79583,33334.5849,35006.30781,36754.14035,38437.62604,
Latin America & the Caribbean (IDA & IBRD countries),TLA,29842.72543,29751.56839,30111.36033,31009.19827,30758.33176,31586.00538,32117.0225,32290.69854,32001.39649,32463.0502,31681.23882,31246.26749,31276.86,31892.65092,32265.90452,32973.75332,34030.83495,34539.96898,33449.89805,35055.09805,36056.35212,36042.1481,36612.00973,36677.53949,36534.98577,36506.67946,36706.76598,36637.13413,36299.91897
Timor-Leste,TLS,,,,,,,,,,6202.682468,7148.501387,6495.415893,6191.097137,6055.083936,6081.818509,5684.051154,6152.558609,6729.557453,7281.127273,7830.987986,8093.239313,8393.287619,8361.394593,8524.145929,8547.224585,8603.517545,7967.202094,7632.586364,8805.279083
Middle East & North Africa (IDA & IBRD countries),TMN,28795.28444,29296.43268,29360.34298,28828.04151,29022.89526,29666.94283,29652.52093,30779.0248,30930.6603,31646.67953,31530.06542,31762.2129,31507.48646,32251.03096,32818.41436,33666.11851,34816.01491,35804.46344,35975.06814,37202.50887,36919.29725,37287.69225,37009.29694,37639.9995,37852.88108,39760.3533,40615.48228,40147.40354,39475.71435
Tonga,TON,11741.77437,11543.4649,11778.93996,12177.42687,13197.99253,13567.73574,13809.10421,14201.87682,14817.20871,15081.74188,15591.87848,16383.69295,16853.89731,16168.78537,15968.51168,15772.47954,15816.16936,16591.8921,15829.15358,16115.59658,17412.19717,17854.85763,18274.62469,19004.66267,19554.09285,21028.28191,21792.19782,21859.01958,21631.01006
South Asia (IDA & IBRD),TSA,5640.422048,5827.88661,5940.013743,6133.683004,6414.315529,6687.366797,6771.649649,6974.830676,7338.203042,7457.083531,7601.209945,7686.140694,8036.627935,8418.536441,8834.682915,9403.723533,9980.449075,10204.22291,10838.75741,11524.45885,12038.70814,12621.97286,13230.97044,13959.7452,14808.26289,15762.37417,16581.08205,17408.06008,17814.6607
Sub-Saharan Africa (IDA & IBRD countries),TSS,7742.0111,7504.064192,7235.485201,7101.857386,7136.662237,7311.461735,7367.42945,7347.913916,7318.587483,7349.291805,7473.695371,7742.243081,7847.350114,8112.178948,8377.691865,8653.117763,8959.862665,9175.236807,9280.358635,9620.56565,9804.421792,10067.69119,10349.35482,10587.61867,10617.91712,10543.93312,10517.74935,10465.30927,10418.18415
Trinidad and Tobago,TTO,27717.87981,29917.40489,29187.28738,29282.13554,29565.09083,30759.63096,32457.84799,34437.04477,36644.66373,38615.12848,39585.16637,42007.455,46526.42302,48715.59749,50327.03119,56570.92744,59077.34807,60746.51503,58276.23387,60830.63116,60751.37783,60582.13983,60827.45581,59504.55715,60911.05862,57778.11261,56518.11991,56463.65748,56539.70574
Tunisia,TUN,21191.20193,22251.5262,22038.52635,22064.79154,21944.01276,22904.57369,23565.7202,24209.11657,25218.12221,25971.26858,26481.47911,26582.6725,27531.4335,28856.66719,29099.86064,29664.25245,30976.88387,31637.97561,32136.37048,32482.87256,33358.94448,33613.3622,33947.09177,34370.13812,34552.23748,34908.96983,35289.92777,36027.02724,36017.11033
Turkey,TUR,37285.71102,39024.17436,44291.59723,39152.16364,41230.61428,43163.05976,46614.855,46556.85644,44531.72496,48739.19158,46122.27095,49490.76796,52833.18612,58299.53427,62150.64288,65289.49507,67527.35998,66548.44636,63115.1074,64300.2604,67195.00395,68626.94125,72062.74154,74320.4625,76263.49522,76616.40512,79458.85941,79694.43874,81788.62429
Tuvalu,TUV,,,,,,,,,,,,,,,,,,,,,,,,,,,,,
Tanzania,TZA,2915.169513,2831.765024,2767.903923,2716.523614,2723.285827,2770.028482,2793.071043,2823.038349,2885.072292,2934.636392,3028.609531,3148.30066,3258.889049,3397.519053,3539.438942,3660.993898,3805.264896,3916.778778,4025.125072,4205.479237,4450.861811,4536.004584,4725.121006,4894.471077,5033.536512,5207.571296,5381.596015,5491.780851,5622.844337
Uganda,UGA,2583.974615,2595.274479,2735.886239,2832.874371,3074.464098,3276.769221,3363.562292,3444.512438,3630.225419,3645.699529,3731.767062,3946.115957,4070.190055,4164.499717,4246.272198,4561.86748,4794.410297,5052.353247,5244.192586,5343.773294,5636.391173,5638.617849,5542.858945,5614.51563,5683.157004,5717.629036,5689.983116,5791.48838,5939.455073
Ukraine,UKR,32009.78308,28806.40349,24578.84656,18659.4842,16888.17365,15737.47035,15746.13478,16153.34529,16555.0667,17318.44579,19184.32713,20117.21133,21899.58567,24593.80161,25086.73819,26999.13984,29061.97427,29883.14694,26250.73839,27122.41936,28571.49249,28828.27059,28499.57281,28067.29066,25287.57926,26148.59037,27030.12125,28006.18972,29021.89203
Upper middle income,UMC,12666.70215,12459.13041,12700.18447,12842.15253,13116.51708,13569.87443,14082.00468,14093.32696,14352.47778,14986.56859,15380.46908,15975.5396,16748.0589,17750.37803,18814.85997,20102.52488,21594.00901,22676.67719,22991.29071,24598.16879,25880.76637,26947.3558,28156.74343,29210.75257,30140.24571,31294.70452,32587.93901,33765.66122,34867.79184
Uruguay,URY,25695.39576,27043.66463,27784.28432,29030.56708,28049.89722,29374.02557,31629.72211,32822.85834,32604.76626,32401.4199,31175.36509,29785.95767,30162.43628,30314.06738,31969.69969,32089.04903,32792.39753,34094.68765,35033.38042,37453.38478,38546.62767,40022.82769,41965.46256,42788.58668,43409.99026,44268.35629,45507.18053,46431.98782,46791.87872
United States,USA,84062.24332,86244.05385,87113.5541,88208.67222,88844.98913,90743.92829,92689.65411,95158.34665,98024.14962,100468.2863,101602.972,103930.408,106695.8749,109423.5877,111356.3885,112615.7449,113771.0306,113706.8048,114980.2696,118578.4391,119472.0619,119716.6849,120923.0481,121783.404,123334.1075,123311.1187,124239.0168,126318.5239,127378.2301
Uzbekistan,UZB,9093.375574,7839.003173,7585.878565,7152.240534,6938.960817,7093.334447,7291.690155,7623.917483,7792.111113,7780.822111,7798.102469,7819.29007,7865.363254,8186.258562,8481.051677,8835.844986,9398.270427,10023.58595,10605.74485,11070.9276,11539.32315,12170.85287,12876.75612,13597.84122,14406.72004,15053.8122,15596.96704,16223.45588,16874.55437
St. Vincent and the Grenadines,VCT,20387.68954,21324.68661,21936.84337,21380.03881,22705.63304,22698.64463,23186.37671,23843.23472,24246.12733,24376.71578,24419.1047,25483.57019,26921.10469,27523.89804,27715.41464,29380.30108,30008.32686,30231.21103,29635.62824,28515.93963,28230.0848,28397.44017,28671.32496,28752.82863,28919.31222,29192.17194,29141.11346,29422.72834,29276.80928
"Venezuela, RB",VEN,,,,,,,,,,,,,,,,,,,,,,,,,,,,,
British Virgin Islands,VGB,,,,,,,,,,,,,,,,,,,,,,,,,,,,,
Virgin Islands (U.S.),VIR,,,,,,,,,,,,,,,,,,,,,,,,,,,,,
Vietnam,VNM,3622.021494,3841.941963,4056.248587,4313.322415,4615.848868,4937.782046,5266.474941,5399.928562,5523.041379,5763.362588,6000.136123,6202.174004,6509.374479,6857.587852,7227.027188,7590.009753,7976.165001,8245.721113,8526.393545,8833.380396,9213.241531,9547.152651,9850.802838,10298.09915,10932.71097,11558.4982,12216.04967,12859.21626,13817.35059
Vanuatu,VUT,7715.354653,7662.603495,7469.18037,7940.232665,7784.868881,7780.267815,8001.727226,7940.304037,7785.854684,8071.660651,7535.54117,6880.023458,6947.87694,6995.867552,7150.597037,7515.07877,7669.791107,7949.862242,8001.505401,7663.086701,7578.19699,7506.444828,7444.347095,7424.453378,7257.459618,7290.505967,7419.235002,7442.417183,7485.038311
World,WLD,22951.56305,22934.1993,23006.60215,23269.64117,23639.44986,24125.63369,24607.61093,24868.49003,25322.67494,26018.20354,26296.07235,26683.90557,27282.88299,28145.94197,28947.28368,29972.88566,31032.27503,31500.76159,31166.76808,32402.32677,33277.37753,33960.80917,34725.85884,35512.69661,36300.48656,37105.63306,38045.63609,38883.16915,39498.87786
Samoa,WSM,14848.16727,14609.10328,15123.01795,14591.48304,15637.18733,16675.24656,16623.38697,16926.51454,17303.67333,18645.49407,19886.45408,20631.51784,21478.94007,22406.48316,23268.08955,23527.65452,24947.79516,24989.37798,23496.89153,23449.98219,24244.50927,23604.13976,23258.49286,23103.22648,24115.77086,26092.79593,26219.76285,25422.57897,26153.90614
Kosovo,XKX,,,,,,,,,,,,,,,,,,,,,,,,,,,,,
"Yemen, Rep.",YEM,,,,,,,,,,,,,,,,,,,,,,,,,,,,,
South Africa,ZAF,41361.5081,39246.58187,38596.13476,38670.15356,38704.86175,39347.10729,39372.93179,38602.30304,38645.303,39295.97767,40001.69892,42229.42405,41959.96626,41228.86219,42311.69209,43372.41094,43718.30169,41854.95449,42358.84891,44791.3316,45457.34497,45288.14082,44937.39717,44920.16839,43809.44846,43994.50675,43735.45327,43502.93074,43799.05202
Zambia,ZMB,6243.900822,6010.665459,6298.992905,5504.707529,5417.893299,5511.472882,5455.573886,5184.548351,5303.228654,5383.990724,5567.865859,5722.720608,6017.833564,6326.998926,6660.043192,6820.026073,7042.398588,7263.396239,7999.724121,8909.948626,8879.129,9058.300351,9271.103438,9450.238557,9469.911445,9575.027135,9649.520081,9734.154281,9522.766264
Zimbabwe,ZWE,8015.204821,7104.256815,7013.554097,7502.436034,7417.443389,8126.261564,8303.709804,8514.776679,8451.094215,7995.805063,7947.489194,7113.067544,5805.043968,5378.875457,5055.276101,4837.80338,4620.592529,3772.677073,4199.938425,4984.150204,5622.864438,6465.352627,6490.533197,6538.270852,6548.899397,6498.134879,6691.393263,6891.794071,6213.323493