Country Name,Country Code,1960,1961,1962,1963,1964,1965,1966,1967,1968,1969,1970,1971,1972,1973,1974,1975,1976,1977,1978,1979,1980,1981,1982,1983,1984,1985,1986,1987,1988,1989,1990,1991,1992,1993,1994,1995,1996,1997,1998,1999,2000,2001,2002,2003,2004,2005,2006,2007,2008,2009,2010,2011,2012,2013,2014,2015,2016,2017,2018,2019
Aruba,ABW,,,,,,,,,,,,,,,,,,,,,,,,,,,,,10360,11760,12230,13190,14000,14610,15640,16230,16370,17220,17620,17880,20000,19170,17890,20070,22630,19200,23340,21680,25510,23770,22370,22450,23520,24420,25190,26250,26560,26810,,
Afghanistan,AFG,,,,,,,,,,,,,,,,,,,,,,,,,,,,,,,,,,,,,,,,,,,,,,,,,,450,510,530,630,660,630,600,550,530,520,530
Angola,AGO,,,,,,,,,,,,,,,,,,,,,,,,,,590,680,660,650,850,780,900,330,290,180,370,360,450,410,330,360,390,590,710,1010,1370,1810,2460,3030,3170,3230,3410,4170,4780,5010,4520,3770,3450,3210,2960
Albania,ALB,,,,,,,,,,,,,,,,,,,,,,,,,,,700,730,730,760,650,410,280,320,380,640,890,800,860,950,1100,1280,1370,1650,2100,2620,3050,3460,4030,4280,4360,4410,4360,4540,4540,4390,4320,4290,4860,5220
Andorra,AND,,,,,,,,,,,,,,,,,,,,,,,,,,,,,,,,,,,,,,,,,,,,,,,,,,,,,,,,,,,,
Arab World,ARB,,,,,,,,,,,,,,,,,,,,,,,,,,,,,,,,,,,2110.10264,2148.521025,2241.518535,2306.246571,2307.79531,2279.612938,2403.051347,2492.222717,2466.404081,2672.462021,3067.221537,3511.901072,4034.549828,4630.60347,5437.683311,5509.46491,5791.157583,6040.388588,6975.725132,7487.541817,7534.251223,7043.064354,6581.751939,6082.452686,6282.600569,6491.01122
United Arab Emirates,ARE,,,,,,,,,,,,,,,,,,,,,,,,,,,,,,,,,,,,,,,,,31400,31970,30940,32780,36160,37500,39380,39590,39910,35000,33400,35030,39220,42840,44330,42860,40570,39290,41470,43470
Argentina,ARG,,,,,1120,1230,1350,1240,1210,1300,1320,1470,1470,1820,2470,2720,2360,2220,2190,2630,2910,2820,2670,2870,2830,2700,3020,3590,3960,2930,3190,3860,6070,7120,7620,7360,7740,8150,8030,7580,7470,7000,4040,3650,3370,4260,5480,6510,7670,7790,9270,10710,11870,12840,12330,12570,12220,13140,12370,11130
Armenia,ARM,,,,,,,,,,,,,,,,,,,,,,,,,,,,,,,,,310,360,400,470,520,560,590,610,660,710,800,960,1180,1540,2020,2760,3600,3340,3470,3530,3880,4110,4140,4010,3760,3950,4250,4680
American Samoa,ASM,,,,,,,,,,,,,,,,,,,,,,,,,,,,,,,,,,,,,,,,,,,,,,,,,,,,,,,,,,,,
Antigua and Barbuda,ATG,,,,,,,,,,,,,,,,,,,,1740,2180,2430,2470,2690,3170,3610,3970,4880,6040,6450,6820,7230,7470,7960,8450,8140,8700,9080,9270,9610,10090,9850,9660,10530,11450,12420,13810,15090,15250,13600,12690,12370,12780,12610,12760,12850,13580,14320,15920,16600
Australia,AUS,,,1870,1970,2100,2270,2340,2530,2730,2970,3270,3470,3880,4640,5940,7210,7850,8070,8460,9580,10810,11850,12060,11570,12010,11990,12290,12530,14100,15560,17300,18190,18500,18860,18830,19250,20440,21900,21740,21430,21120,20110,19990,21120,25480,30310,34090,37300,42330,44050,46630,50320,60210,66020,65150,60500,54140,51560,53190,55100
Austria,AUT,,,1060,1140,1240,1340,1470,1560,1680,1850,2070,2320,2760,3580,4650,5540,5980,6660,7540,9620,11460,11180,10380,9600,9270,9360,10820,13810,18070,19300,20630,21810,24520,24870,26140,28190,30090,29560,27970,27080,26790,25290,24970,28020,33750,38720,41460,44510,49110,49000,49610,50590,50060,50700,50370,47450,46200,45070,49080,51440
Azerbaijan,AZE,,,,,,,,,,,,,,,,,,,,,,,,,,,,,,,,,,590,440,400,410,450,510,570,610,650,710,810,940,1270,1900,2710,3870,4790,5370,5460,6410,7410,7690,6570,4760,4090,4060,4480
Burundi,BDI,,,70,80,80,70,60,50,50,50,70,70,70,80,100,110,120,140,150,180,220,250,240,230,220,240,250,260,250,230,220,220,210,180,160,150,140,150,150,140,130,130,130,120,120,140,150,170,190,200,220,230,250,260,260,260,270,280,280,280
Belgium,BEL,,,1450,1530,1670,1800,1950,2100,2270,2510,2790,3080,3640,4690,6000,6910,7580,8220,9560,11730,13980,13190,11180,9430,8860,8820,10170,13090,17010,18030,19310,20580,23170,23410,25090,27070,28550,28450,26530,25980,25860,24430,24000,27030,32810,37730,39900,42700,46470,46840,46950,46400,47100,47880,47800,45540,43360,42490,46100,47950
Benin,BEN,,,90,100,110,110,110,120,120,120,120,120,130,160,190,200,210,230,250,310,390,410,360,290,270,260,270,310,360,340,370,380,370,380,330,360,350,380,370,410,480,530,530,600,730,820,860,920,1030,1080,1080,1090,1120,1220,1270,1180,1110,1090,1200,1250
Burkina Faso,BFA,,,80,80,80,80,80,90,90,90,90,90,90,110,140,160,170,170,200,250,300,300,280,240,210,210,240,270,330,330,330,360,320,280,230,230,250,250,250,270,270,280,270,320,390,460,490,510,570,610,650,680,730,770,760,700,680,670,750,780
Bangladesh,BGD,,,,,,,,,,,,,,120,160,210,200,170,170,190,230,260,250,230,220,230,250,280,290,300,320,320,330,320,320,340,370,400,420,420,440,440,440,460,510,550,570,610,660,730,800,890,970,1040,1110,1220,1370,1520,1750,1940
Bulgaria,BGR,,,,,,,,,,,,,,,,,,,,,,,2360,2090,2010,1950,2190,2720,3110,2830,2250,1620,1430,1250,1240,1520,1590,1460,1440,1480,1660,1770,1970,2370,3060,3800,4300,4810,6070,6670,6940,7220,7440,7590,7740,7450,7430,7640,8560,9570
Bahrain,BHR,,,,,,,,,,,,,,,,,,,,,,,8520,9150,9310,7900,7230,7700,7800,7660,9070,9800,9890,10030,9680,10380,10790,10310,10070,9870,10940,11500,12060,12940,14570,16550,17890,19660,20860,18830,18970,18160,22010,23790,24070,22580,21570,21250,21910,22110
"Bahamas, The",BHS,,,1550,1650,1760,1900,2040,2230,2450,2760,2920,3110,3190,3740,3840,4640,3120,3360,3720,5200,6050,5790,6360,6640,7700,8510,9400,10800,11710,12440,11870,11330,11550,11310,11600,14260,15930,14650,17630,24190,25940,26560,27190,27760,29270,30570,30760,31090,30960,29010,28360,28030,29020,28440,28000,28400,29210,30900,31990,33460
Bosnia and Herzegovina,BIH,,,,,,,,,,,,,,,,,,,,,,,,,,,,,,,,,,,,,760,1010,1330,1400,1490,1600,1770,2040,2590,3180,3510,3920,4730,4970,4960,5010,4990,5270,5300,5210,5130,5140,5770,6170
Belarus,BLR,,,,,,,,,,,,,,,,,,,,,,,,,,,,,,,,,1790,1600,1450,1360,1450,1530,1550,1400,1380,1300,1380,1630,2170,2810,3520,4310,5500,5700,6150,6260,6610,7010,7590,6710,5620,5300,5700,6320
Belize,BLZ,,,330,340,350,370,390,420,420,420,420,450,520,600,730,840,800,850,930,1120,1420,1430,1290,1150,1160,1200,1350,1610,1870,2080,2260,2420,2680,2790,2770,2860,2880,2890,2780,2880,3150,3130,3200,3420,3560,3620,3740,3670,3880,4050,3880,4050,4100,4180,4250,4400,4330,4390,4450,4480
Bermuda,BMU,,,2170,2160,2360,2460,2830,3210,3240,3340,3570,4010,4550,5430,6490,7570,8290,8960,9680,10700,12790,14120,13710,14820,16510,17870,21170,24040,26620,26500,27060,27400,29000,30890,31730,34290,,,,,,,,,,,,99790,107640,104080,103480,101610,100100,101760,99920,101120,103620,112940,116990,117530
Bolivia,BOL,,,,,,,,,,,,,,,,,550,580,650,760,820,900,860,840,850,840,740,720,710,720,720,740,770,790,810,850,900,950,990,980,980,950,920,910,950,1020,1110,1220,1480,1620,1780,2000,2250,2590,2830,2960,3040,3090,3370,3520
Brazil,BRA,,,,,,,280,310,370,410,450,510,590,760,980,1180,1360,1490,1680,1970,2200,2090,2010,1730,1630,1580,1800,2050,2260,2760,2730,3280,3170,3090,3030,3760,4460,5020,4840,4120,3930,3350,3090,2980,3340,4000,4850,6190,7620,8320,9650,11080,12310,12790,12120,10190,8920,8700,9080,9130
Barbados,BRB,,,,,,,,,,,,,,,,,,,,,,,,,,,5910,6690,7430,7860,7600,7570,7460,7690,8010,8340,8700,9050,9420,9820,10780,10630,10650,11300,12290,13240,14220,15530,16180,15730,15540,15050,15720,15660,15630,15740,15920,16070,16700,17380
Brunei Darussalam,BRN,,,,,,,,,,,,,,,,,,,,,,,,,,,,,,12090,12460,13580,15160,15030,15090,15680,16210,16220,14420,14040,14680,16070,17140,17810,19990,23090,27580,30930,34150,32460,33300,35520,42370,45320,43090,38850,33170,29800,29390,32230
Bhutan,BTN,,,,,,,,,,,,,,,,,,,,,,,290,270,300,300,350,490,550,570,580,500,470,440,470,490,530,580,550,580,730,770,810,910,1030,1200,1330,1640,1770,1860,2040,2240,2390,2410,2460,2520,2650,2800,2970,3140
Botswana,BWA,,,80,80,90,90,100,100,120,140,160,200,260,350,440,520,540,580,690,890,1110,1340,1290,1170,1090,1070,1150,1340,1980,2320,2720,3070,3270,3330,2960,3260,3180,3330,3210,3150,3170,3260,2930,3370,3920,4930,5440,5730,5740,5330,5610,6610,7250,7570,7520,6840,6560,6690,7340,7650
Central African Republic,CAF,,,80,80,80,90,90,100,100,110,110,110,120,140,170,190,210,240,280,310,360,350,340,270,270,290,340,420,490,490,480,480,470,450,370,350,300,300,280,280,260,260,250,260,300,340,350,380,420,480,510,530,570,380,390,400,410,440,490,520
Canada,CAN,,,,,,,,,,,4240,4480,5010,6050,7180,8010,8770,9120,9750,10600,11600,12380,11900,12190,13150,13940,14570,16330,18620,19860,20640,20980,21410,21270,20890,20850,20810,20190,20200,21210,22620,23030,23620,25860,29900,34800,38500,43080,45640,43230,44480,47180,51000,52770,52180,47570,43870,42990,44990,46360
Central Europe and the Baltics,CEB,,,,,,,,,,,,,,,,,,,,,,,,,,,,,,,,,2231.970331,2433.168251,2708.115552,3162.786212,3616.076717,3823.549411,3863.997492,3909.494377,4086.833185,4167.25229,4426.450815,5184.942946,6375.710548,7734.904282,8864.862183,10303.29135,12400.73681,12756.66982,12802.12978,12935.80192,13078.02865,13426.2535,13563.90996,13249.11168,12858.42674,13081.68588,14653.76144,15889.87626
Switzerland,CHE,,,,,,,,,,,,,5370,7040,9040,10250,10910,12040,14010,17500,21720,21340,19120,17740,17980,18080,20360,25650,33650,35250,36930,37550,40920,40820,41900,45450,48360,48030,44940,43100,43520,40930,39700,45620,53800,61620,63990,62830,63190,70370,77570,79720,84880,88740,86560,85670,81850,78920,83730,85490
Channel Islands,CHI,,,,,,,,,,,,,,,,,,,,,,,,,,,,,,,,,,,,,,,,,42510,41460,40720,43340,50340,56270,60750,66230,,,,,,,,,,,,
Chile,CHL,,,580,630,670,670,750,760,780,830,880,1060,1150,1360,1650,1150,1010,1060,1360,1790,2300,2780,2280,1820,1590,1430,1470,1660,1930,2200,2350,2600,3120,3440,3730,4420,5070,5590,5490,5120,5060,4800,4540,4510,5190,6210,7340,8690,10050,9950,10750,12340,14350,15160,14940,14130,13370,13270,14620,15010
China,CHN,,,70,80,90,100,110,100,90,110,120,130,130,160,180,200,190,190,200,210,220,220,220,220,250,290,310,320,330,320,330,350,390,420,470,540,650,750,800,860,940,1010,1110,1280,1510,1760,2060,2510,3100,3680,4340,5050,5930,6770,7510,7940,8270,8740,9600,10390
Cote d'Ivoire,CIV,,,160,180,220,210,230,240,270,280,300,300,320,380,480,600,680,780,950,1130,1160,1130,960,720,660,640,730,810,910,830,780,760,780,750,680,700,720,760,760,730,640,590,570,620,770,930,930,970,1070,1160,1190,1130,1230,1330,1450,1660,1840,2030,2180,2290
Cameroon,CMR,,,,,,,,110,130,160,170,170,190,210,280,350,340,340,520,630,630,840,850,780,780,800,930,1040,1130,1070,940,890,890,930,890,840,740,720,710,710,670,640,630,730,910,1010,1060,1110,1240,1320,1330,1350,1370,1430,1490,1440,1380,1340,1450,1500
"Congo, Dem. Rep.",COD,,,,,,,,,,,,,,,,,,,,,,,,,,,,,,,,,,,160,150,130,120,120,110,130,140,190,170,190,200,230,260,290,300,320,340,380,410,440,460,470,460,500,530
"Congo, Rep.",COG,,,150,150,160,170,180,190,200,220,220,230,270,340,420,500,480,450,490,610,830,1090,1220,1080,1060,990,980,1050,930,940,930,960,1060,800,680,430,470,590,580,490,560,630,670,700,770,1130,1470,1700,2150,2490,2750,2710,3500,3750,3970,3090,2240,1930,1780,1720
Colombia,COL,,,280,280,310,310,320,300,300,320,330,360,390,460,550,590,620,690,850,1060,1250,1350,1330,1280,1280,1210,1220,1240,1300,1250,1330,1380,1560,1740,2050,2350,2540,2660,2570,2330,2340,2330,2370,2370,2620,3000,3500,4130,4710,5130,5620,6310,7290,7950,8200,7330,6460,5930,6260,6510
Comoros,COM,,,,,,,,,,,,,,,,,,,,,,,660,590,550,550,620,780,960,930,980,950,1100,1080,870,850,780,790,730,700,730,700,680,790,950,1090,1130,1170,1290,1370,1380,1410,1420,1490,1490,1380,1320,1280,1380,1400
Cabo Verde,CPV,,,,,,,,,,,,,,,,,,,,,,,510,470,450,450,510,650,840,900,900,910,1040,1190,1300,1410,1350,1350,1330,1370,1410,1350,1300,1520,1900,2160,2300,2820,3300,3480,3400,3510,3440,3490,3360,3210,3130,3080,3400,3630
Costa Rica,CRI,,,360,350,350,370,390,410,440,470,520,570,630,760,880,970,1050,1250,1480,1740,1950,1420,1020,940,1110,1240,1440,1600,1650,1660,1750,1950,2340,2720,2960,3170,3220,3330,3380,3440,3550,3660,3750,4010,4360,4620,5030,5640,6370,6490,7180,8000,9150,9740,10090,10400,10770,11150,11590,11700
Caribbean small states,CSS,,,,,,,,,671.6906454,702.957804,754.9358957,798.2066317,947.5744847,1050.796081,1240.550554,1570.200312,1596.120624,1719.48023,1887.031852,2064.519294,2384.310827,2651.687526,2820.762541,2679.353662,2633.17334,2592.963491,2515.3223,2578.239245,2792.424581,2831.521352,2825.62667,2819.621276,2917.409911,2962.639178,3000.395294,3361.980222,3660.756785,3803.953586,4059.7353,4535.71116,4849.190279,4985.486575,5190.961696,5659.253526,6289.964401,6845.067007,7585.669831,8296.996009,9202.036709,8841.63774,8957.085074,8807.222138,9504.880825,9923.02723,9859.885931,9835.357317,9325.9431,9311.689842,9588.094203,10088.33421
Cuba,CUB,,,,,,,,,,,,,850,1040,1240,1500,1550,1600,1790,1990,2140,2430,2340,2180,2310,2310,2390,2490,2780,2750,2650,2340,2130,1870,2140,2550,2710,2500,2240,2400,2620,2760,2820,3100,3490,3960,4530,5000,5460,5520,5610,5930,6280,6640,6840,7230,7480,,,
Curacao,CUW,,,,,,,,,,,,,,,,,,,,,,,,,,,,,,,,,,,,,,,,,,,,,,,,,,,,,,19930,19820,19620,19100,19100,20100,20370
Cayman Islands,CYM,,,,,,,,,,,,,,,,,,,,,,,,,,,,,,,,,,,,,,,,,,,,,,,,,,,70220,71050,49570,44030,42930,44370,45870,47320,,
Cyprus,CYP,,,,,,,,,,,,,,,,,,1520,1800,2400,3390,4050,4490,4220,4360,4480,5020,6300,7910,8570,9300,9460,11020,10970,11680,12810,13880,14280,15490,14340,14180,14170,14510,16710,20260,23990,25600,27340,31970,32780,32040,32550,29680,27830,26510,25960,24700,24580,26620,27710
Czech Republic,CZE,,,,,,,,,,,,,,,,,,,,,,,,,,,,,,,,,3360,3500,4170,5150,5980,6160,6110,6110,6340,6350,6650,8110,10260,12480,14000,15850,18510,18840,19400,19460,19440,19410,18900,18370,17670,18310,20520,21930
Germany,DEU,,,,,,,,,,,,,3600,4670,5800,6720,7130,7670,8870,11050,13010,12540,11120,10020,9880,9840,11240,14240,18620,19760,21300,22890,25810,25990,27530,29520,30860,30140,27950,26840,26150,24740,23610,26080,31570,35710,38230,40440,43570,43520,44550,47220,46530,47190,47620,45810,44230,43570,47050,48600
Djibouti,DJI,,,,,,,,,,,,,,,,,,,,,,,,,,,,,,,,,,,,,,,,,,,,,,,,,,,,,,,,2730,2870,2990,3260,3310
Dominica,DMA,,,,,,,,,,,,,,,,,,,,710,960,1160,1210,1220,1330,1480,1790,2170,2560,2600,2810,2960,3200,3410,3490,3720,3890,4010,4200,4200,4220,4470,4270,4680,4950,5050,5490,5760,6340,6520,6730,6920,6730,6780,7020,6870,7340,7060,7710,7920
Denmark,DNK,,,,,,,,,2870,3140,3310,3670,4310,5580,6800,8080,8960,9780,11170,13560,15090,14180,12860,11710,11520,11840,14070,17760,22130,23050,24370,25540,28700,28570,30360,32560,34770,35150,33460,33060,32580,31410,30850,34750,42640,49610,53540,55740,60390,60090,61220,61990,61650,63200,63670,60510,58040,56190,61020,64000
Dominican Republic,DOM,,,220,240,260,230,250,250,250,280,340,370,430,520,610,710,780,830,900,1030,1140,1210,1240,1240,1300,1100,1030,940,920,910,870,1040,1340,1610,1740,1960,2170,2360,2450,2540,2680,2740,2890,2640,2560,3040,3640,4430,4760,4920,5330,5540,5790,6030,6330,6580,6860,7090,7760,8080
Algeria,DZA,,,,,240,250,230,250,280,310,330,320,440,530,710,910,1060,1100,1320,1640,1990,2200,2260,2190,2270,2400,2590,2810,2750,2550,2370,1980,1900,1730,1620,1550,1520,1510,1540,1530,1590,1670,1730,1920,2250,2710,3100,3600,4210,4290,4480,4600,5170,5510,5490,4850,4380,3950,3980,4010
East Asia & Pacific (excluding high income),EAP,,,71.31536022,77.57934412,86.2447879,97.71851619,105.7272984,99.72077241,96.54926229,108.1837972,121.1756951,124.587726,131.5697386,158.8591332,185.9394277,216.3379529,211.5685465,225.0125268,238.7070519,263.559828,291.3299617,308.2213034,307.7753789,303.7608191,321.9136852,344.4121397,365.7709262,382.0647682,401.5977642,403.3766364,418.8139112,448.9335946,498.5161524,541.49019,607.9098972,699.2985664,813.9478125,882.1927136,828.3522957,852.5014701,910.9858761,982.9247949,1064.778761,1210.019549,1423.342189,1636.876346,1894.221584,2273.249179,2770.042582,3214.325113,3758.82649,4341.65912,5074.762444,5707.69443,6210.348992,6471.958288,6681.277876,7018.988166,7690.370448,8285.401034
Early-demographic dividend,EAR,,,,,,,,198.5901771,204.1349375,217.8701683,229.5862532,242.0917325,258.2939759,305.6319181,387.5684191,462.5706018,497.0491819,508.7046855,547.9486066,639.0650888,755.2459884,853.5573297,834.3408679,774.9977192,747.6272028,747.9603999,772.0323557,808.7362725,837.6616576,807.0492313,842.9291363,885.1413595,979.769607,1033.767023,1087.160229,1112.626508,1164.635884,1201.436075,1171.410101,1184.253044,1247.778817,1266.09655,1234.418057,1310.492058,1486.775656,1700.440107,1907.232299,2156.114643,2415.094566,2499.321749,2725.674594,2968.788465,3274.315697,3409.96154,3446.144377,3365.397593,3322.937283,3372.856381,3538.720117,3626.538871
East Asia & Pacific,EAS,,,142.7436121,156.1580256,174.7576259,193.5338146,212.7978026,223.8111143,242.9899342,276.5015943,304.6690783,333.9553461,393.6904879,500.7308345,607.1385901,706.7927765,731.724425,790.5766513,933.264778,1133.083917,1286.529866,1337.220931,1289.338416,1255.489652,1295.287894,1381.094698,1586.777126,1937.86159,2475.345531,2653.730825,2756.284583,2865.978729,3067.728794,3317.326609,3639.965294,4102.087022,4310.524003,4182.823308,3664.245794,3627.384398,3836.317236,3922.165053,3878.218287,4060.448879,4567.93269,5000.635305,5289.573622,5662.89237,6173.584979,6523.297463,7339.116825,8139.698099,9108.218919,9709.995937,9941.990966,9830.233139,9903.318139,10246.74414,11099.88388,11718.03632
Europe & Central Asia (excluding high income),ECA,,,,,,,,,,,,,,,,,,,,,,,,,,,,,,,,2373.867129,2241.364183,2155.593518,1918.046342,1942.232112,1944.975718,2020.83251,1857.349376,1714.133554,1798.89161,1710.056034,1866.922246,2208.301404,2905.24807,3741.542736,4634.109339,5742.558492,6978.112762,6861.846902,7403.87664,8070.452182,9314.239395,10289.88732,10187.10196,8804.299959,7641.999443,7307.410271,7692.104991,8036.588137
Europe & Central Asia,ECS,,,,,,,,,,,,,1734.292115,2199.376475,2686.657586,3090.809452,3265.311957,3485.604035,3940.072816,4872.380085,5842.677998,5870.291144,5372.35598,4807.790421,4636.678392,4623.27703,5291.067508,6694.377919,8587.998077,9170.567581,9847.42938,10454.09047,11524.15834,11344.28766,11531.00078,12016.8654,12738.26024,12978.39035,12594.51659,12475.62015,12554.95541,12149.01221,12070.89122,13640.84084,16579.22942,19223.87771,20834.54488,22553.56236,24563.57146,24325.20311,24520.67245,24988.37258,25300.87943,25996.30964,26021.11874,24659.42715,23337.45063,22814.43967,24375.45024,25203.44661
Ecuador,ECU,,,380,350,380,430,450,460,470,500,520,510,510,600,830,1090,1280,1360,1550,1820,2110,2460,2390,2110,1890,1820,1770,1640,1510,1360,1370,1480,1600,1670,1820,1970,2080,2180,2160,1780,1550,1550,1730,2110,2550,2880,3100,3310,3860,4060,4390,4870,5390,5810,6110,5970,5810,5860,6090,6090
"Egypt, Arab Rep.",EGY,,,,,,,,170,180,190,220,240,260,290,300,330,350,370,390,420,490,520,550,560,640,680,740,870,840,780,760,750,750,760,820,920,1020,1130,1210,1310,1420,1430,1330,1240,1200,1220,1320,1530,1840,2120,2370,2560,2840,3030,3230,3340,3440,3030,2790,2690
Euro area,EMU,,,1091.463808,1196.50728,1318.062255,1454.906016,1595.117009,1731.753764,1886.506802,2079.424115,2277.114857,2498.960992,2897.851741,3721.683214,4620.54544,5327.318059,5648.855993,6067.755558,6888.595964,8544.35636,10260.43995,10160.541,9199.418692,8199.837021,7970.397204,7983.37477,9225.779324,11809.99389,15359.62793,16464.47485,17749.18905,18987.61208,21306.22008,20979.23181,21515.25308,22643.43648,23905.94693,23862.31173,22816.57028,22410.37942,22187.11866,21264.2106,20722.65205,23314.42072,28299.27441,32412.15473,34556.01525,36717.75305,39536.57619,39641.15485,39764.2737,40295.01039,39268.89469,39470.15734,39351.54475,37726.91846,36326.82553,35821.45028,38758.08461,40069.12114
Eritrea,ERI,,,,,,,,,,,,,,,,,,,,,,,,,,,,,,,,,,,270,270,300,320,330,310,300,310,300,300,340,390,410,420,410,480,510,600,,,,,,,,
Spain,ESP,,,500,570,640,730,840,930,1010,1110,1170,1310,1590,2090,2730,3240,3430,3640,4040,5010,6210,6310,5680,4860,4580,4550,5400,7110,9410,10700,12210,13700,15610,15010,14470,14830,15560,15820,15440,15480,15770,15520,15590,18030,22070,25870,27820,29740,32190,32460,31880,30950,29520,29210,29130,28430,27530,27090,29350,30360
Estonia,EST,,,,,,,,,,,,,,,,,,,,,,,,,,,,,,,,,,,,,,,,,4160,4310,4620,5730,7500,9730,11500,13420,15200,14620,14700,16000,16900,18250,18990,18680,18410,18840,21340,23250
Ethiopia,ETH,,,,,,,,,,,,,,,,,,,,,,,,210,200,190,230,280,270,260,260,250,220,210,160,150,150,140,130,120,130,130,120,110,140,160,180,220,280,340,380,390,410,470,550,600,670,740,800,850
European Union,EUU,,,,,,,,,,,,,2411.712173,3091.676072,3830.349843,4421.558256,4687.731626,5027.970987,5697.694074,7045.790841,8431.760267,8344.076773,7547.177826,6714.431058,6520.110807,6530.268204,7551.94813,9654.708602,12513.8777,13408.27758,14440.22892,15436.74662,17314.67902,17049.71387,17524.70447,18505.70185,19628.32248,19673.80264,18888.5002,18607.21489,18510.3866,17815.92111,17479.35532,19733.09536,23993.94845,27606.16991,29604.30378,31659.0182,34398.00984,34522.21838,34711.75842,35192.61711,34504.62421,34822.3157,34788.60218,33409.42482,32173.31569,31804.68797,34493.29621,35807.04043
Fragile and conflict affected situations,FCS,,,,,,,,,,136.6432025,157.8296618,166.9391505,184.5392452,211.6663088,287.7001206,352.9799229,409.8326897,432.6499605,455.34367,519.108919,597.9505185,662.8190394,701.82085,694.2853004,620.5686696,595.8742366,582.3828236,588.9653512,597.60487,525.0188055,639.5061983,628.7448706,632.4521226,568.7036562,532.6724149,550.3308205,577.7777876,620.680901,616.9486442,629.1336259,669.8908783,726.7687068,729.3011237,729.6839444,851.8828909,1001.018297,1196.283175,1424.301123,1732.643015,1874.409723,2041.679727,2016.373686,2306.405709,2409.305464,2504.85888,2363.964348,2167.729694,1980.700524,1973.870669,2051.872421
Finland,FIN,,,1370,1470,1620,1810,1970,2060,2090,2270,2460,2690,3170,4030,5130,6320,6840,7190,7910,9540,11450,11980,11700,10840,10790,11130,13010,16480,21540,24110,26000,25100,24170,20680,20170,22030,24970,26680,25820,26040,26450,25810,25550,28720,35270,40170,42800,46160,50070,48800,49600,50150,48940,49480,49390,47150,45500,44830,48280,50000
Fiji,FJI,,,280,290,300,290,300,340,350,350,400,440,530,720,930,1120,1220,1300,1360,1660,1870,2040,1800,1580,1660,1580,1790,1770,1790,1790,1790,1790,1990,2090,2230,2460,2660,2580,2300,2360,2240,2140,2170,2420,3040,3590,3620,3820,4010,3860,3650,3770,4140,4710,5020,5100,5280,5370,5910,5800
France,FRA,,,1550,1700,1870,2030,2200,2360,2560,2820,3020,3250,3670,4690,5790,6720,7140,7810,8830,10820,13080,13190,12040,10450,9820,9770,11330,14460,18520,19490,20640,21420,23840,23580,24380,25740,27110,26930,25830,25420,24970,23840,23090,25930,31360,35870,37850,40130,43460,43930,43850,44350,43380,43780,43320,41100,39070,38330,41200,42460
Faroe Islands,FRO,,,,,,,,,,,,,,,,,,,,,,,,,,,,,,,,,,,,,,,,,,,,,,,,,,,,,,,,,,,,
"Micronesia, Fed. Sts.",FSM,,,,,,,,,,,,,,,,,,,,,,,,,,,,,,,,,,2120,2130,2200,2140,1930,1950,2050,2210,2260,2270,2380,2440,2560,2560,2570,2590,2820,2900,3070,3150,3180,3150,3490,3410,3450,3400,
Gabon,GAB,,,330,410,340,360,420,440,460,530,570,610,690,910,1700,2870,4450,4010,3090,3520,4590,5290,4840,4260,4310,3860,3840,3430,4150,4580,4820,5170,5120,4430,4130,3910,4100,4270,3940,3280,3090,3420,3610,3880,4310,5520,5740,6590,7320,7590,7850,8120,9090,9330,9330,7970,7080,6510,6830,7170
United Kingdom,GBR,,,,,,,,,,,2490,2770,3200,3900,4360,4870,5010,5220,5930,7560,9530,10640,10630,9840,9250,9140,10220,12680,16130,17350,18530,19350,21440,21320,21850,21080,22790,25280,26830,28150,29230,28990,29190,32270,37780,42790,45100,47540,48560,44250,41750,41080,41690,42690,44360,44350,42950,41290,41770,42220
Georgia,GEO,,,,,,,,,,,,,,,,,,,,,,,,,,,,,,,,,750,540,510,550,670,820,870,840,790,780,840,990,1210,1520,1910,2380,2820,2950,3210,3520,4150,4530,4740,4410,4080,4040,4460,4780
Ghana,GHA,,,190,200,210,230,250,240,220,220,250,270,260,280,320,300,290,300,350,380,420,410,360,320,340,350,390,420,440,400,400,410,430,420,370,370,380,390,390,390,340,300,270,320,380,460,600,790,1150,1190,1240,1380,1530,1850,1900,1940,1820,1890,2130,2220
Gibraltar,GIB,,,,,,,,,,,,,,,,,,,,,,,,,,,,,,,,,,,,,,,,,,,,,,,,,,,,,,,,,,,,
Guinea,GIN,,,,,,,,,,,,,,,,,,,,,,,,,,,,,400,390,410,420,460,490,500,500,510,510,470,450,400,360,350,340,370,360,400,470,620,670,690,680,700,700,740,760,780,820,850,930
"Gambia, The",GMB,,,,,,,,,110,110,110,110,120,150,180,230,230,240,260,310,380,390,340,300,290,300,300,320,300,300,310,400,520,710,690,690,700,690,660,640,620,560,440,390,470,520,640,700,810,880,890,760,760,730,650,620,620,660,720,750
Guinea-Bissau,GNB,,,,,,,,,,,,,120,130,150,170,150,140,160,180,150,190,200,190,190,200,160,170,180,210,220,240,240,230,220,220,240,240,160,160,210,250,300,330,380,430,440,470,510,560,580,640,630,640,640,640,650,680,750,820
Equatorial Guinea,GNQ,,,,,,,,,,,,,,,,,,,,,,,130,130,130,150,170,210,250,230,260,270,380,370,270,250,360,870,700,820,770,900,1270,1190,1720,3890,8110,11600,14250,12530,9970,11540,13870,14030,13230,10850,8270,6510,6650,6460
Greece,GRC,,,620,700,790,900,1000,1090,1200,1370,,,,,,,,,,,,,,,,,,,,,,,,,,,,,,,,,,,,,24550,26350,28660,29330,27380,24470,23190,22430,22010,20140,18550,17910,18970,19750
Grenada,GRD,,,,,,,,,,,,,,,,,,,,1150,1300,1310,1300,1280,1340,1500,1790,2200,2490,2670,2840,3040,3140,3120,3210,3310,3500,3660,3990,4310,4610,4510,4650,5290,5350,6650,6430,6830,7260,6720,6940,7060,7030,7350,7520,7780,8350,8890,9580,9840
Greenland,GRL,,,,,,,,,,,,,1890,2440,3130,3800,4330,5140,6160,7550,9270,9100,8020,7270,6740,7060,8540,11470,15170,16970,15690,16510,17440,16600,17830,19470,20780,20540,20440,19740,20290,19390,18760,20440,25730,30920,30240,34800,,,,,,,,,,,,
Guatemala,GTM,,,260,280,280,290,290,290,310,330,350,360,390,450,540,610,690,800,920,1080,1210,1240,1170,1110,1130,1160,1070,1020,980,980,930,970,1030,1140,1230,1360,1440,1530,1610,1650,1670,1610,1620,1700,1880,2030,2190,2410,2650,2700,2780,2950,3210,3410,3570,3700,3870,4090,4390,4610
Guam,GUM,,,,,,,,,,,,,,,,,,,,,,,,,,,,,,,,,,,,,,,,,,,,,,,,,,,,,,,,,,,,
Guyana,GUY,,,280,250,280,310,320,340,330,350,360,380,390,430,540,680,660,610,620,670,760,740,590,510,470,500,520,460,470,360,400,330,390,460,570,670,830,890,880,860,890,880,890,940,1030,1090,1470,2280,3860,4180,4510,4820,5280,5540,5570,5470,5600,5910,6290,6630
High income,HIC,,,1509.784526,1600.806753,1721.087937,1865.301469,2032.057899,2159.994385,2366.81275,2572.733413,2724.761317,2974.659848,3408.500867,4172.284061,4882.041308,5454.537045,5791.700162,6208.443079,7076.20247,8471.764422,9784.063193,10184.00176,9692.207334,9309.384282,9665.072147,10113.08331,11383.71398,13635.97565,16588.88776,17480.07794,18282.03987,19012.28294,20658.46075,21138.86319,22198.28513,23648.95455,24783.87683,24892.35834,23987.07362,24297.0246,25307.09641,25300.63642,25145.53839,27094.22841,30909.70721,34055.32452,35759.56114,37188.02413,38789.71687,38132.59053,39164.26927,40491.63433,41841.18533,42655.63934,42849.65808,41650.77575,40745.88973,40978.96879,43809.2793,45348.44894
"Hong Kong SAR, China",HKG,,,,570,630,700,710,710,740,840,930,1060,1300,1750,2150,2450,2900,3340,3930,4700,5730,6360,6290,5890,6170,6090,7230,9080,10770,11550,12660,14320,16560,19560,21820,23570,24140,26080,25110,25800,26930,26350,25270,26340,28120,28890,30290,32070,33950,32350,33620,35690,36340,38570,40240,41180,42970,46390,50060,50800
Honduras,HND,,,180,180,190,210,220,230,250,250,260,270,280,320,360,380,410,460,610,830,1090,1090,1020,1000,1080,1160,1260,1410,1410,1270,1110,940,930,950,880,900,870,910,910,930,1020,1040,1070,1130,1210,1290,1360,1490,1620,1630,1720,1870,1970,2000,2000,2060,2120,2250,2320,2390
Heavily indebted poor countries (HIPC),HPC,,,,,,,,,,,,,,,,,248.3471526,262.2124399,289.9791138,332.6424402,369.6703466,391.05708,367.8677019,326.3659105,312.4418423,312.9102987,350.2619904,408.3236867,431.6586242,410.6615299,381.5647045,364.6568315,353.563555,338.6979202,306.8606037,312.1569044,319.3814827,328.06009,323.7637983,325.7066944,327.5271986,324.7469137,328.8498809,350.593645,401.8242672,453.3341391,496.8449573,562.5702038,659.8307273,719.2903614,765.3383001,794.1134555,845.4893823,898.201672,939.835942,940.1339568,916.1524291,907.8245097,942.0335589,969.2801919
Croatia,HRV,,,,,,,,,,,,,,,,,,,,,,,,,,,,,,,,,,,,,,5520,5430,5180,5210,5290,5600,6670,8520,10150,11310,12670,14250,14110,14090,14040,13440,13580,13260,12970,12380,12680,14080,14990
Haiti,HTI,,,,,,,,,,,,,,,,,,,,,250,250,250,240,260,280,320,340,380,370,420,450,390,310,260,310,360,390,400,450,550,640,730,670,660,700,780,890,990,1140,1120,1230,1300,1370,1410,1390,1330,1310,1360,1330
Hungary,HUN,,,,,,,,,,,,,,,,,,,,,,,,,,,,,,,,,,3660,4030,4250,4370,4400,4410,4490,4620,4790,5290,6630,8640,10360,11230,11750,13230,13380,13260,13250,13060,13500,13560,13250,13100,13190,15020,16500
IBRD only,IBD,,,,,,,197.7828615,197.1692931,201.8777056,219.1686909,236.4164225,250.1911338,269.8680186,325.7945072,399.7459146,465.7628451,477.6608596,497.7887527,541.2783356,624.7764252,718.0984934,772.6120453,759.9583988,708.7036341,702.9046807,721.1102819,762.4320814,821.5571543,866.7789947,877.0759881,923.7611009,992.5272464,1045.70846,1086.752089,1134.548709,1225.818865,1342.402415,1429.234412,1385.329291,1360.248598,1411.292566,1421.305954,1441.508103,1569.198466,1825.013781,2132.090957,2480.197266,2947.922896,3485.200538,3749.581603,4189.319746,4666.337513,5288.950766,5721.925782,5911.769354,5763.486528,5658.253797,5782.699275,6215.900111,6568.397919
IDA & IBRD total,IBT,,,,,,,182.0145447,181.8617166,186.5254228,202.4723529,219.27188,231.8683502,249.7149111,297.9611514,366.943771,428.1992778,442.5606443,460.8802976,499.662207,576.1326685,662.6529612,717.0638241,711.7756306,669.6923028,653.9920944,664.5273381,696.6164374,747.736211,786.5658875,788.4698102,823.3721431,875.1383433,916.8412809,943.1772912,975.6540671,1048.32937,1143.625277,1213.562038,1176.060201,1154.788738,1194.913001,1203.062175,1220.00007,1323.889675,1535.978799,1787.232625,2071.189527,2448.546124,2885.857118,3097.826877,3443.580315,3812.935675,4303.584444,4645.715363,4796.892004,4674.475121,4575.975553,4652.916982,4974.896559,5232.455153
IDA total,IDA,,,,,,,,,,123.0602018,138.4229165,145.5602806,154.8524186,165.5227553,211.1157654,250.4888898,276.65533,287.7689245,306.3518954,352.1823258,409.7685197,466.9149865,498.0552166,499.9628787,441.3630453,420.2402171,414.4990214,433.9663304,448.6311841,418.6723104,407.7103596,396.9078855,396.3636709,368.0365092,345.0223927,351.9829776,372.8628817,387.0637261,384.0943349,387.0606621,396.4291194,408.5493185,424.6317874,454.3418401,524.7971036,596.1891918,676.9409222,768.1220632,895.6763003,962.574029,1030.943963,1084.260361,1190.946621,1288.693302,1364.801661,1366.308679,1330.888544,1308.512169,1350.17602,1385.448111
IDA blend,IDB,,,104.7592061,111.7472966,115.9092028,122.3644847,127.4069009,126.7401908,134.2551203,151.0841407,180.2156813,190.5536378,201.5604588,208.3728952,268.2058977,307.0594959,358.7924342,387.9578047,414.5165216,479.0057652,562.3503119,678.1747098,787.0701613,839.2522939,702.6605714,638.7809702,581.9374169,568.9887698,581.587495,533.6216527,523.8862261,506.8333242,510.6701924,456.1876272,437.1856205,444.9176356,481.7200909,499.6523428,487.4146911,490.8498286,502.7258128,527.6011619,561.1459518,605.2814065,714.8502631,824.1903897,980.1085393,1123.789856,1314.202666,1379.808636,1453.001078,1525.008829,1703.742381,1858.324346,1992.477954,1964.858688,1844.031251,1738.435314,1733.886888,1729.453493
Indonesia,IDN,,,,,,,,,,70,80,80,90,110,160,220,270,300,360,400,470,530,560,530,520,500,520,510,510,530,560,610,660,740,850,990,1090,1100,660,570,580,720,790,900,1080,1220,1380,1600,1940,2150,2530,3010,3580,3730,3620,3430,3400,3530,3850,4050
IDA only,IDX,,,,,,,,,,,,,,,,,,,,,,,,309.4053624,296.0603164,299.6660135,324.4658212,363.5941409,379.6040474,359.525091,347.4596566,340.106583,337.0517348,323.7246518,297.9879693,304.6367259,316.9882477,329.2359568,331.2470495,333.9559257,342.043204,347.3469832,354.1205214,376.4270055,426.6125293,478.4016541,520.0887229,583.969727,678.564195,747.3509266,813.6403947,857.8276939,925.9833334,993.3083714,1037.946496,1055.106331,1066.468967,1090.055899,1158.185882,1216.950553
Isle of Man,IMN,,,,,,,,,,,,,,,,,,,,,,,,,,,,,,,,,,,,,,17050,18800,21310,21880,22480,23780,27780,34170,39590,44420,47220,62280,64940,71570,74390,82210,87850,89000,83990,78870,77900,83160,
India,IND,,,90,100,110,110,110,110,100,110,120,120,120,140,170,190,180,190,210,220,270,290,290,280,280,290,310,350,390,390,380,350,340,320,340,370,400,410,410,440,440,450,460,520,610,710,790,910,1000,1120,1220,1360,1480,1520,1560,1600,1680,1830,2010,2120
Not classified,INX,,,,,,,,,,,,,,,,,,,,,,,,,,,,,,,,,,,,,,,,,,,,,,,,,,,,,,,,,,,,
Ireland,IRL,,,,,,,,,,,,,2070,2540,2990,3390,3280,3580,4120,5120,6380,6780,6390,5720,5610,5630,6370,8220,10420,11100,12560,13130,14440,14600,15480,16920,18880,20660,21440,22650,24080,24020,24830,29890,37690,44530,47910,50530,50920,46810,44880,41900,40590,43480,46320,50350,52490,53480,59640,64100
"Iran, Islamic Rep.",IRN,,,,,,,,,,,,,,,,,,,1980,2310,2100,2400,3190,3300,3110,3490,3690,3570,3030,2590,2550,,,,,1310,1580,1780,1800,1720,1760,1790,1880,2200,2520,2960,3480,4270,4970,5560,6250,6870,7130,6990,6500,5370,5500,5420,5300,
Iraq,IRQ,,,,,,,,,,,,,,,,,,,,,3930,3460,3050,2360,2540,2750,3050,3530,3720,3720,7050,,,,,,,,,,,,,,,,1900,2430,3540,4160,4580,4960,6300,7040,6830,5930,5620,4880,5060,5740
Iceland,ISL,,,1540,1740,2050,2440,2980,3110,2790,2490,2610,3050,3740,4960,6690,7490,7970,9010,10860,13180,15440,16240,15100,12580,11900,11930,14250,19100,23470,24210,24810,25260,26510,26100,25660,25490,27320,28480,29280,30400,31550,30710,30930,33720,42030,50700,53610,61930,50100,41850,36250,37590,40680,46960,48230,50160,55150,60530,67890,73000
Israel,ISR,,,1320,1330,1310,1440,1470,1480,1730,1910,1980,2260,2770,3180,4270,4880,4760,4620,4830,5630,6090,6750,6620,6620,6550,6530,7110,8510,10450,10960,12170,12920,14440,14820,15720,17550,18610,18920,18760,18440,19200,19260,18600,18680,19930,21430,22320,23960,26150,27260,29660,31450,32220,34320,36020,36070,36330,37550,40860,43100
Italy,ITA,,,960,1060,1160,1280,1410,1550,1700,1850,2060,2250,2620,3250,3930,4320,4510,4730,5270,6740,8430,8710,8220,7630,7760,8030,9380,12160,15950,17300,18660,20370,22960,21590,20860,20670,21830,22300,22220,21990,21890,21170,20710,23350,28270,32430,34250,35900,37910,37870,37850,37900,36200,35550,34890,32980,31950,31360,33840,34530
Jamaica,JAM,,,,,,,,,620,650,720,760,980,1020,1180,1370,1370,1450,1430,1300,1210,1290,1340,1330,1130,930,950,1170,1480,1690,1770,1740,1600,1830,1870,2280,2510,2750,2880,3110,3230,3230,3250,3440,3650,3800,4090,4320,4570,4330,4390,4590,4980,5010,4910,4700,4600,4750,5010,5320
Jordan,JOR,,,,,,,,,,,,,,,,,,,1160,1540,1810,2040,1980,1750,1730,1670,1870,2100,2160,1560,1270,1090,1240,1280,1340,1420,1430,1450,1480,1530,1670,1740,1780,1900,2160,2340,2510,2730,3110,3380,3520,3620,3720,3830,3920,3950,4000,4080,4270,4410
Japan,JPN,,,610,690,800,890,1030,1200,1430,1660,1830,2120,2720,3640,4430,5150,5410,5950,7450,9450,10860,11120,10550,10270,10520,11480,13850,18180,24910,27000,27810,28590,30590,33430,36980,42110,43150,40040,34450,33780,36230,36770,34790,35070,38350,40560,39930,38740,38850,38800,43440,46880,49480,48280,43950,38840,37860,38490,41150,41710
Kazakhstan,KAZ,,,,,,,,,,,,,,,,,,,,,,,,,,,,,,,,,,1430,1310,1280,1340,1390,1390,1290,1270,1360,1530,1810,2300,2930,3860,4980,6110,6790,7440,8280,9940,11840,12080,11380,8770,8040,8070,8820
Kenya,KEN,,,100,100,110,100,120,120,130,140,130,160,190,200,230,250,250,280,320,390,450,450,390,340,310,310,340,370,410,400,370,350,330,270,260,270,340,390,430,430,410,400,380,400,450,510,580,700,820,900,960,990,1050,1130,1240,1290,1350,1420,1600,1750
Kyrgyz Republic,KGZ,,,,,,,,,,,,,,,,,,,,,,,,,,,,,,,,,520,450,370,360,390,390,360,300,280,280,290,340,400,450,500,610,760,860,850,880,1040,1190,1250,1180,1110,1110,1220,1240
Cambodia,KHM,,,,,,,,,,,,,,,,,,,,,,,,,,,,,,,,,,,,250,320,320,290,300,300,310,320,350,400,460,520,590,670,700,750,810,880,970,1020,1060,1140,1230,1380,1530
Kiribati,KIR,,,,,,,,,,,,,,,,,,,870,860,690,660,790,780,590,540,520,550,640,670,720,960,1030,1020,1050,1150,1090,1340,1470,1300,1330,1340,1250,1310,1480,1700,1710,1820,1930,1900,2050,2090,2620,2980,3220,3470,2920,3020,3080,3350
St. Kitts and Nevis,KNA,,,,,,,,,,,,,,,,,,,,1370,1670,1850,1940,2010,2240,2510,3070,3690,4390,4660,5220,5260,5710,6190,6710,7310,7690,8080,7830,8280,9120,9440,9370,9270,10390,11640,12440,13050,14850,14620,14690,15450,15470,16610,16490,16410,17080,17240,18520,19290
"Korea, Rep.",KOR,,,120,120,130,130,140,150,190,240,280,310,340,430,550,660,810,970,1280,1680,1870,2030,2050,2170,2340,2480,2850,3530,4520,5380,6450,7570,8310,9010,10090,11820,13320,13550,10330,10430,11030,11950,12850,13790,16200,18520,20800,23440,23860,22040,22290,23590,25660,26980,28160,28720,29330,30300,32730,33790
Kuwait,KWT,,,,,,,,,,,,,,,,,,,,,,,,,,,,,,,,,,,,20520,20870,21480,19680,16870,17980,18660,18930,22600,28510,35220,42300,47580,51710,45000,42490,43790,49690,53060,51000,41820,35330,31400,33590,
Latin America & Caribbean (excluding high income),LAC,,,,,,,465.0437427,476.9040559,513.4810126,546.3910166,579.1915184,632.536642,698.6350854,858.3878462,1092.445726,1287.647863,1363.648964,1405.405906,1525.46477,1787.15774,2092.03542,2241.269951,2130.517139,1881.298473,1794.572055,1764.948281,1835.69482,1962.324066,2080.738677,2183.187953,2285.105519,2647.433115,2925.481051,3149.890427,3378.523858,3591.124311,3883.577171,4159.933004,4137.024718,3929.109166,4022.563337,3908.267648,3656.172357,3640.528661,3933.714845,4406.290595,5088.204495,5952.909587,6879.200272,7055.755577,7842.920907,8648.405863,9525.81421,9904.708122,9792.832595,8952.615409,8210.483384,8072.037525,8323.43979,8372.836454
Lao PDR,LAO,,,,,,,,,,,,,,,,,,,,,,,,,,,550,430,250,210,190,210,250,280,310,350,380,370,310,290,280,310,320,340,390,460,510,620,750,890,1000,1140,1370,1610,1820,1970,2120,2240,2450,2570
Lebanon,LBN,,,,,,,,,,,,,,,,,,,,,,,,,,,,,,,1310,1700,1920,2220,2610,3160,3720,4000,4250,4490,4600,4460,4200,3790,4730,4890,4860,5410,6060,6870,7470,7560,7560,7640,7550,7280,7230,7470,7720,7380
Liberia,LBR,,,,,,,,,,,,,,,,,,,,,,,,,,,,,,,,,,,,,,,,,,,250,180,210,250,290,330,390,430,460,520,560,630,630,630,620,620,610,580
Libya,LBY,,,,,,,,,,,,,,,,,,,,,,,,,,,,,,,,,,,,,,,,,,,5170,5160,5140,6860,8600,10400,12200,12090,12380,4690,11550,10750,7610,5690,4550,5410,6800,7640
St. Lucia,LCA,,,,,,,,,,,,,,,,,,,,,,,1530,1510,1660,1940,2500,2830,3330,3570,3730,3850,4400,4410,4510,4660,4850,4760,4930,5150,5250,4990,5010,5370,6000,6230,7260,7500,8090,8020,8170,8820,8860,8790,8840,8730,9440,10070,10640,11020
Latin America & Caribbean,LCN,,,,,,,489.8327738,501.4311909,537.5893511,572.7183542,609.0743363,667.7227295,735.492701,899.1600842,1135.919653,1309.055117,1374.91962,1417.315215,1547.510172,1820.280046,2140.297797,2307.932476,2186.216325,1924.166954,1834.171714,1803.509897,1876.148708,2011.169686,2135.367303,2241.52689,2342.483062,2698.918507,2988.886967,3217.739419,3450.804675,3681.852505,3987.153039,4273.008731,4253.72098,4056.75239,4152.768489,4036.582093,3784.549401,3774.156333,4093.777223,4584.407687,5278.569796,6158.718019,7100.019386,7269.077844,8053.153664,8881.602384,9795.471695,10201.69584,10093.76062,9281.504605,8552.555361,8426.151291,8720.459314,8794.06169
Least developed countries: UN classification,LDC,,,,,,,,,,,,,,,,,,,,,,,,,,237.4120145,267.4142897,310.566333,328.5560506,331.3010452,319.1213841,315.3863257,289.3696202,276.0479998,251.7118834,263.5912824,274.9734782,288.6020422,288.1399637,290.2459259,300.716906,306.1687306,317.4125857,339.1515312,389.1246974,442.1944432,489.1201273,560.2796787,652.2993729,719.7880437,784.0810923,827.6960682,905.9365506,974.2030731,1018.626616,1014.869846,1002.877901,1008.416551,1055.640184,1099.365828
Low income,LIC,,,,,,,,,,,,,,,,,,,,,,,,,314.9892094,321.4878022,347.1157678,392.8215681,405.5092124,374.6869113,349.1068582,338.4016077,322.8847749,300.1589365,262.6079411,262.4922745,263.7121534,269.8232343,267.6792255,264.5304902,272.9733946,284.3783403,298.8734395,312.3170322,354.7766948,399.9193371,442.7651258,510.464865,593.7684955,659.0595244,716.2302425,724.1971789,768.4168054,818.3651649,856.2969154,846.3705591,826.7523485,801.7260752,800.0111151,819.7214785
Liechtenstein,LIE,,,,,,,,,,,,,5120,6500,8210,10150,11190,12370,14760,18510,22610,22610,20320,18770,19010,19730,22860,31170,41500,43620,45480,47580,54350,56710,61990,70060,78590,80150,77640,78650,78870,68240,65060,68450,78680,92730,104070,112190,121890,116430,,,,,,,,,,
Sri Lanka,LKA,,,,130,130,130,150,170,160,170,170,170,180,210,250,270,260,260,240,260,280,300,310,310,330,370,410,430,460,440,460,490,550,600,640,690,740,800,820,840,870,830,840,940,1060,1210,1360,1550,1790,2010,2410,2850,3360,3490,3640,3760,3810,3870,4040,4020
Lower middle income,LMC,,,,112.4201924,121.8985577,127.8422853,125.494173,127.2674845,127.3772375,137.4354596,147.9842355,153.7122749,163.2005774,185.6945027,223.9534453,258.8757888,268.025036,278.735935,306.1196135,346.6191887,412.235178,457.6094798,468.9880424,464.1463797,439.3055396,437.1551254,452.3407749,491.746961,526.7370907,513.2242403,501.8734762,472.583449,469.0716984,443.8520438,447.9638258,472.2079484,511.1979295,529.7019255,531.5746767,546.0864029,555.136813,566.5935041,574.3932745,628.537849,727.8815839,830.3068703,936.6226632,1082.367851,1232.648159,1332.081563,1444.146449,1568.067676,1728.574385,1835.430221,1906.249025,1910.67176,1922.691093,1965.659539,2091.597256,2176.195334
Low & middle income,LMY,,,,,,,177.679778,177.5418039,182.1089479,197.8092119,214.1464891,225.8267742,243.1870543,290.2814533,357.3720719,420.5197726,435.4601482,453.4281594,490.4126256,563.8854605,646.1566461,697.5647509,693.9020502,654.802098,640.8894876,651.8026747,683.3340055,732.6584484,770.6352008,771.3082086,804.0813362,852.3697096,889.901528,911.3158212,940.625075,1007.325161,1095.819476,1160.989903,1122.325738,1102.30661,1141.776069,1151.376709,1168.135622,1267.992088,1471.250351,1710.050291,1981.511829,2342.156718,2756.002708,2966.510948,3314.414242,3682.403453,4170.116757,4509.379405,4661.611739,4544.113505,4453.375475,4530.391767,4838.901645,5087.613755
Lesotho,LSO,,,,,,,80,80,80,80,90,90,100,150,220,230,280,310,340,400,440,510,610,540,490,410,390,420,500,520,550,580,650,660,680,690,700,690,620,610,580,640,590,670,810,1020,1130,1300,1310,1230,1300,1440,1610,1560,1450,1340,1300,1240,1280,1380
Late-demographic dividend,LTE,,,,,,,193.3758552,189.6333632,194.3642534,215.7530517,239.9869321,255.9360457,280.6961963,342.2547328,410.174968,468.0653174,476.5512044,510.4015294,557.3249774,642.2096406,723.1161592,738.0488314,716.4294587,666.5781374,681.8582393,710.5903401,774.7340102,846.5084899,922.2952843,994.4716798,1018.969291,1139.00246,1156.878999,1179.886927,1218.30945,1380.275167,1566.914412,1704.326314,1652.073202,1588.876859,1634.370916,1645.344086,1722.328646,1917.842386,2276.746821,2690.502888,3190.846342,3877.23743,4701.817391,5132.139517,5771.731762,6501.026294,7470.620906,8273.257577,8682.527841,8514.095946,8358.819758,8561.466601,9341.124022,10010.86742
Lithuania,LTU,,,,,,,,,,,,,,,,,,,,,,,,,,,,,,,,,,,,,,2600,2860,2980,3210,3450,3820,4700,6020,7580,8820,10610,12680,12460,12570,13320,14110,15340,16070,15190,14890,15280,17460,19030
Luxembourg,LUX,,,1630,1680,1870,1920,2020,2070,2240,2560,3030,3350,4070,5230,6890,7930,8510,9080,10650,12940,15480,15490,14930,13490,13060,13130,15610,20090,26020,28700,31500,35370,39210,40270,41570,46020,48610,50650,47100,46470,46460,45630,42630,46000,62800,73810,71580,86210,88000,71220,78220,76260,75450,75500,76470,72470,68670,66430,70910,73900
Latvia,LVA,,,,,,,,,,,,,,,,,,,,,,,,,,,,,,,,,,,,,,2720,2860,2980,3320,3600,3930,4670,5830,7380,8910,11210,13490,14080,12620,13210,13930,15010,15330,15100,14780,14850,16540,17730
"Macao SAR, China",MAC,,,,,,,,,,,,,,,,,,,,,,,,,4770,4600,5220,6510,7490,8080,8970,9990,12570,14300,16030,17430,17500,17330,15700,14650,14710,15750,16330,17870,22250,24020,26320,34580,34360,36530,45580,54870,61240,70560,74210,64350,65980,72310,78640,
St. Martin (French part),MAF,,,,,,,,,,,,,,,,,,,,,,,,,,,,,,,,,,,,,,,,,,,,,,,,,,,,,,,,,,,,
Morocco,MAR,,,,,,,,,220,240,250,270,290,350,440,540,580,600,650,780,980,960,940,790,730,680,770,860,1080,1110,1160,1240,1270,1230,1350,1300,1510,1460,1460,1410,1390,1400,1370,1540,1830,2070,2240,2380,2700,2880,2930,3000,2980,3090,3060,3020,2880,2880,3090,3190
Monaco,MCO,,,,,,,,,,,,,,,,,,,,,,,,,,,,,,,,,,,,,,,,,,,,,,,,,,,,,,,,,,,,
Moldova,MDA,,,,,,,,,,,,,,,,,,,,,,,,,,,,,,,,,,,,,,630,580,510,490,500,590,710,910,1120,1280,1440,1870,1950,2380,2730,3140,3620,3740,3300,3180,3330,3920,4580
Madagascar,MDG,,,130,130,140,140,150,160,170,170,180,180,190,210,260,310,300,310,310,390,500,510,520,480,430,400,400,370,340,300,310,280,290,290,290,280,300,300,300,280,290,300,280,340,340,340,330,380,450,470,470,480,500,520,520,490,470,470,500,520
Maldives,MDV,,,,,,,,,,,,,,,,,,,,,,,,,,,,,,,,,,,,,,1760,1860,1980,2070,2240,2620,3400,3770,3460,4540,4480,5410,5460,5960,6600,6630,6800,7320,7650,8070,8600,9210,9680
Middle East & North Africa,MEA,,,,,,,,,,,,,,,,,,,,,,,,,,,,,,,,,,,,2474.056154,2654.08815,2773.562618,2784.083276,2737.134741,2872.438205,2961.672512,2944.781367,3197.46168,3638.410426,4151.052695,4736.021488,5444.339735,6341.223656,6539.043841,6965.301115,7361.787559,8282.792699,8773.052618,8758.862513,8089.565351,7710.762982,7292.06135,7564.573148,7880.044633
Mexico,MEX,,,360,390,440,480,510,560,610,640,680,730,820,990,1210,1460,1540,1480,1590,1890,2560,3270,3000,2400,2200,2270,2080,2040,2090,2370,2790,3250,3770,4490,5310,4790,4620,4660,5000,5510,6210,6740,7100,7360,7820,8050,8690,9250,9780,8820,9040,9310,10050,10270,10500,10160,9390,8920,9180,9480
Marshall Islands,MHL,,,,,,,,,,,,,,,,,,,,,,,,,,,,,,,,,,,,3070,2690,2590,2690,2830,2960,3110,3100,3130,3300,3460,3380,3510,3390,3480,3600,3600,3510,3900,4070,4310,4280,4460,4860,
Middle income,MIC,,,,,,,184.3366298,184.0181675,188.7266259,205.0652673,222.2619032,234.3419584,252.2623649,301.6733913,371.0927759,436.005217,451.0025342,469.7196212,508.3101216,584.8998761,670.3839988,724.1782951,720.9249097,680.610063,666.9707694,678.4173878,710.8240657,761.1212394,801.2560638,804.1400597,841.1281543,894.1627846,935.8502722,960.9619357,995.6996107,1068.471698,1164.788029,1235.679759,1194.935151,1174.45676,1217.661156,1228.363925,1246.677359,1355.619094,1575.239625,1833.967828,2129.250158,2520.832016,2970.366741,3199.648548,3580.603764,3988.284359,4525.818063,4900.522011,5070.835277,4947.79628,4855.112466,4948.706686,5297.758693,5579.886536
North Macedonia,MKD,,,,,,,,,,,,,,,,,,,,,,,,,,,,,,,,,1750,1460,1400,1790,2190,2210,2010,1910,1910,1820,1820,2090,2560,2990,3310,3580,4330,4610,4700,4810,4740,5000,5200,5110,4980,4920,5480,5840
Mali,MLI,,,,,,,,,,60,60,70,80,90,100,120,140,160,170,220,250,240,200,170,160,180,200,240,290,290,290,320,330,320,280,270,270,280,280,290,280,300,290,350,400,460,500,530,610,660,690,730,730,780,810,800,780,770,830,870
Malta,MLT,,,,,,,,,,,,,1090,1260,1560,1990,2120,2320,2660,3300,4280,4670,4550,3940,3830,3690,4000,4930,6260,6910,7600,7940,8720,8570,8600,9250,10010,10530,10260,10710,10600,10570,10710,12170,14100,15660,16350,17580,20410,20310,21370,22120,22160,23370,24560,25230,23510,24010,26900,27950
Myanmar,MMR,,,,,,,,,,,,,,,,,,,,,,,,,,,,,,,,,,,,,,,,,,,170,180,220,270,290,350,470,640,850,1010,1130,1220,1230,1260,1280,1290,1370,1390
Middle East & North Africa (excluding high income),MNA,,,,,,,,,,,,,,,,,,,,,,,,,,,,,,,,,,,,1241.489639,1377.808481,1466.5126,1509.82926,1514.763472,1568.069063,1598.318569,1596.52825,1707.502482,1894.262401,2152.501225,2428.957046,2842.300887,3358.746663,3678.52519,3996.284261,4095.658351,4581.08692,4744.646415,4622.135201,4176.046332,4113.925611,3876.658076,3859.908736,
Montenegro,MNE,,,,,,,,,,,,,,,,,,,,,,,,,,,,,,,,,,,,,,,,,,,1970,2440,3100,3660,4320,5120,6470,6740,6920,7260,7000,7330,7320,7250,7090,7400,8430,9060
Mongolia,MNG,,,,,,,,,,,,,,,,,,,,,,,,1440,1320,1230,1350,1520,1690,1590,1430,1200,810,510,430,460,550,580,520,480,470,480,530,610,760,900,1120,1410,1800,1790,2000,2590,3650,4330,4210,3820,3500,3230,3630,3790
Northern Mariana Islands,MNP,,,,,,,,,,,,,,,,,,,,,,,,,,,,,,,,,,,,,,,,,,,,,,,,,,,,,,,,,,,,
Mozambique,MOZ,,,,,,,,,,,,,,,,,,,,,,,,,,,,,,,,,,210,190,180,210,250,290,330,320,320,290,320,360,400,420,460,500,540,520,540,600,670,690,640,530,470,460,490
Mauritania,MRT,,,,180,230,260,260,270,290,280,290,280,290,340,480,510,540,550,570,640,710,720,670,640,610,580,610,670,740,760,730,810,920,970,870,900,970,870,830,820,730,650,650,710,800,940,1150,1230,1380,1440,1500,1600,1760,1850,1750,1640,1510,1500,1580,1660
Mauritius,MUS,,,,,,,,,,,,,,,,,,,1010,1220,1240,1280,1190,1070,1030,1060,1250,1620,2060,2220,2430,2620,2990,3120,3230,3470,3780,3900,3780,3660,3900,3970,3960,4410,5170,5600,5930,6490,7400,7800,8080,8400,9550,10520,10820,10700,10640,10980,12270,12900
Malawi,MWI,,,50,50,50,50,60,60,60,60,60,70,80,90,110,130,130,130,150,170,190,190,180,170,170,160,150,150,160,160,180,210,200,220,160,160,170,200,200,180,160,140,170,220,300,300,310,330,370,410,450,490,460,410,370,350,340,340,350,380
Malaysia,MYS,,,240,250,270,300,320,330,340,350,370,390,440,570,750,860,920,970,1130,1450,1790,1930,1860,1810,1950,1920,1860,1960,2140,2260,2400,2560,2880,3230,3600,4050,4500,4620,3640,3380,3460,3550,3790,4160,4740,5270,5840,6630,7510,7600,8260,9050,10180,10840,11140,10680,10150,9950,10650,11230
North America,NAC,,,3235.862445,3365.743238,3554.47903,3817.45343,4126.083559,4297.071134,4661.930886,4983.097479,5138.11927,5513.703009,6156.727983,7170.769737,7908.239207,8461.523606,8944.978469,9548.720939,10665.57616,12046.2276,13213.28331,14171.22162,13992.95657,14336.72512,15909.09098,17120.19571,18664.85501,20898.67179,23016.58859,23382.92897,23723.70696,23949.40032,25259.08751,25883.19064,26988.35465,28231.07181,29338.72193,30184.67959,30870.90959,32450.66015,34662.20715,35377.64099,35975.5293,38406.45212,42181.56431,45083.36743,46964.72029,47971.90348,48662.7444,47300.60215,48555.26882,50247.33879,52601.26789,53843.74081,55503.0251,55841.85187,55879.66308,57464.7615,61329.26797,63859.98737
Namibia,NAM,,,,,,,,,,,,,,,,,,,,,,,1980,1840,1670,1320,1340,1600,1690,1850,1990,2150,2300,2210,2270,2460,2510,2510,2370,2240,2260,2100,2010,2290,2890,3530,4030,4210,4310,4250,4500,5140,5680,5910,5760,5290,4700,4610,4900,5060
New Caledonia,NCL,,,,,,,,1830,2160,2520,3220,3420,3780,3990,5270,6400,6440,6580,6980,6900,7980,7940,7160,5920,5480,5510,6170,8070,13270,14530,14760,15200,16070,16340,16780,18220,18240,17810,15730,14810,14020,,,,,,,,,,,,,,,,,,,
Niger,NER,,,150,160,160,170,170,170,160,150,150,160,150,160,210,230,220,230,280,350,410,390,360,290,210,220,250,270,330,320,340,360,420,340,270,240,240,240,250,240,220,220,220,250,280,330,360,380,440,480,520,520,550,570,590,560,530,520,570,600
Nigeria,NGA,,,100,110,110,110,110,100,100,120,170,180,200,220,340,400,510,560,560,640,760,970,1260,1450,1130,970,790,710,680,550,560,510,510,360,310,310,390,440,440,460,470,530,630,710,870,1030,1350,1610,1960,2040,2140,2180,2440,2690,2940,2820,2430,2090,1960,2030
Nicaragua,NIC,,,140,150,160,200,230,290,290,310,310,320,330,380,510,570,600,680,650,500,600,660,680,680,700,690,750,860,680,360,310,220,240,290,450,610,880,880,880,930,960,970,960,1000,1080,1160,1200,1290,1390,1380,1460,1570,1670,1740,1830,1890,1960,2030,1970,1890
Netherlands,NLD,,,1220,1310,1460,1700,1840,2000,2230,2550,2890,3290,3850,5070,6370,7630,8350,9100,10460,12760,14830,14000,12350,11070,10730,10330,11690,14720,18570,19540,20320,21280,23520,24040,25370,27690,29750,29800,28260,28670,28810,27390,27020,30950,37280,42050,45910,49110,52670,53670,53900,54480,52930,52950,51980,49810,46900,47140,51300,53060
Norway,NOR,,,1610,1710,1860,2050,2240,2470,2630,2850,3120,3570,4230,5320,6750,8380,9150,9960,11110,13110,15650,16420,15750,14940,15150,15710,17550,20830,23970,25080,26510,27830,30790,30220,30860,32700,35800,37920,36110,35550,36570,38250,39880,44750,54110,63790,69990,78500,87520,87910,88560,90420,99220,104330,104560,93110,81810,76210,80640,82500
Nepal,NPL,,,50,50,50,50,70,80,70,70,70,70,80,80,100,110,120,120,120,130,140,160,150,140,160,160,170,180,200,210,210,210,200,190,200,200,210,220,210,220,230,240,240,260,280,310,340,370,430,480,540,610,700,750,770,780,770,860,970,1090
Nauru,NRU,,,,,,,,,,,,,,,,,,,,,,,,,,,,,,,,,,,,,,,,,,,,,,,,,,,,,8750,12260,12950,11390,10220,10160,12040,14230
New Zealand,NZL,,,,,,,,,,,,,3030,3990,4930,4970,4650,4530,5220,6530,7670,8240,7860,7370,7010,6950,7860,10010,12550,13570,13640,12160,12050,12360,13400,15280,16730,17160,15790,15040,14080,13810,14170,16960,21500,25440,26400,28170,28680,29710,29700,32280,36740,39930,41590,40520,39290,38580,41600,42220
OECD members,OED,,,1459.890261,1546.283332,1661.993907,1798.95117,1957.305038,2078.074904,2275.476189,2468.534017,2609.211318,2840.593415,3247.72602,3966.386589,4632.258896,5171.703292,5460.296336,5833.418941,6640.318503,7934.646625,9146.204502,9515.636235,9034.685113,8646.348941,8949.569261,9364.249039,10497.75149,12562.24391,15248.89261,16055.4443,16800.66431,17449.28554,18912.31683,19369.70883,20331.19612,21600.07574,22576.03572,22637.62238,21857.89517,22162.29768,23122.93717,23094.3294,22959.1811,24691.37986,28136.43159,30984.206,32511.82869,33770.42103,35157.24409,34511.16604,35433.00786,36583.75813,37731.68391,38371.46804,38491.09402,37377.14762,36466.84224,36580.72944,38945.4307,40173.47171
Oman,OMN,,,,,,,,160,230,280,320,330,360,310,700,1510,2770,2720,2650,3070,3960,5480,6210,6160,6320,6560,5930,5390,5210,5660,5710,6040,6510,6280,6160,6270,6470,6810,6530,6370,7070,7830,8000,8290,9410,10690,12660,14560,17430,17740,18100,17020,19360,20310,19010,17450,15750,13970,14190,14110
Other small states,OSS,,,,,,,,,,,,,,,,,,,,,,,,,,,,,,,,,,,,,,,,,,,4212.841091,4713.282936,5713.561394,6867.182414,8309.475608,9774.275655,11187.74719,11033.2724,11524.51846,12479.01986,13803.83904,14883.00273,15104.2609,14103.15086,12962.65924,12254.99016,13007.99443,13592.08815
Pakistan,PAK,,,90,100,100,110,120,130,150,160,170,180,170,150,150,160,180,200,240,270,320,350,360,350,350,340,360,370,400,400,400,400,430,440,440,470,480,470,450,440,480,510,530,570,660,740,800,860,920,950,970,1030,1120,1210,1230,1260,1310,1400,1480,1410
Panama,PAN,,,490,530,550,590,630,670,710,770,810,890,960,1090,1220,1370,1350,1360,1570,1760,2200,2410,2590,2530,2530,2820,2860,3280,2740,2570,2660,2730,3020,3260,3440,3470,3560,3600,3690,3760,3910,3840,3970,4110,4510,4790,5100,5770,6540,6900,7260,8550,9540,10630,11190,12200,12780,13750,14420,14950
Peru,PER,,,290,300,340,380,450,490,470,480,500,560,630,740,930,1080,1070,1020,870,910,1020,1170,1130,920,890,840,840,950,790,790,840,1220,1420,1550,1760,1950,2150,2280,2150,2030,1970,1900,1960,2080,2280,2540,2810,3210,3790,3970,4410,4970,5790,6420,6530,6340,6110,6060,6470,6740
Philippines,PHL,,,220,190,170,180,200,210,220,240,220,220,220,260,320,380,420,450,500,590,700,750,740,680,570,520,540,600,660,700,720,730,770,820,920,1020,1160,1230,1200,1180,1150,1160,1130,1170,1290,1380,1490,1720,2000,2170,2370,2520,2860,3160,3330,3380,3450,3530,3710,3850
Palau,PLW,,,,,,,,,,,,,,,,,,,,,,,,,,,,,,,,,,,,,,,,,,,9200,8810,9410,10350,10830,11780,11800,11090,11400,12270,12760,12870,14150,15860,16670,16650,17810,16490
Papua New Guinea,PNG,,,110,120,120,140,150,160,180,200,220,240,270,350,440,490,470,470,570,640,710,720,650,610,600,610,640,690,790,800,740,790,840,980,1030,950,930,850,720,630,570,510,480,470,540,650,790,1070,1400,1510,1740,1820,2270,2500,2990,2860,2710,2590,2600,2750
Poland,POL,,,,,,,,,,,,,,,,,,,,,,,,,,,,,,,,,2080,2480,2760,3240,3830,4230,4350,4430,4670,4710,4900,5500,6250,7340,8460,9940,11980,12500,12740,12890,13160,13390,13560,13310,12720,12730,14150,15350
Pre-demographic dividend,PRE,,,,,,,,,,,,,,,,,,,,,402.1839756,432.5197841,459.2810892,450.7185854,390.6776414,371.045824,366.4350752,391.1277722,404.4732791,383.1593377,465.8188285,444.5399011,413.602085,353.8621259,317.8390119,327.7730367,353.0797079,379.1425282,378.1171842,380.9588128,383.9355093,398.8139065,436.1633466,480.1123819,575.8548576,673.378986,807.3714904,958.1633107,1167.367105,1251.289388,1322.608661,1362.521312,1538.171369,1673.455587,1753.177178,1663.971261,1515.923306,1381.111594,1373.622262,1427.329236
Puerto Rico,PRI,,,820,900,960,1060,1160,1240,1370,1560,1750,1910,2100,2380,2590,2660,2650,2740,2980,3390,3720,3890,3770,3670,3970,4280,4750,5350,5860,6050,5950,6300,6760,7100,7370,7820,8130,8510,8690,9590,10550,10950,11250,12170,14260,14750,15030,15860,16360,16580,16920,17670,18680,19170,19280,19420,19710,20000,21030,21970
"Korea, Dem. People's Rep.",PRK,,,,,,,,,,,,,,,,,,,,,,,,,,,,,,,,,,,,,,,,,,,,,,,,,,,,,,,,,,,,
Portugal,PRT,,,410,430,470,520,570,640,730,790,950,1070,1270,1700,2070,2210,2330,2430,2530,2870,3350,3420,3230,2830,2520,2530,3080,4160,5630,6320,7130,8180,9860,10100,10450,11210,12100,12370,12190,12260,12170,11830,11750,13260,16140,18580,19390,20850,22590,22920,22960,22720,21150,21370,21190,20440,19930,20050,22050,23160
Paraguay,PRY,,,,,,,,,,,,,,,,,,,,,,,,,,,,,,,,,,,,1680,1840,1840,1730,1600,1440,1410,1330,1230,1350,1520,1840,2320,3080,3450,4070,4480,4760,5510,5780,5620,5390,5390,5620,5520
West Bank and Gaza,PSE,,,,,,,,,,,,,,,,,,,,,,,,,,,,,,,,,,,,,1470,1630,1780,1800,1550,1370,1190,1370,1640,1780,1710,1790,2040,2250,2510,2880,3210,3470,3560,3670,3900,3930,4190,
Pacific island small states,PSS,,,,,,,,,,,,,,,,,,,,,,,1464.172093,1315.423496,1354.717536,1293.895679,1410.538845,1400.753986,1438.149371,1451.142469,1479.149085,1483.457547,1644.642291,1719.114008,1851.286452,2046.290257,2182.668486,2141.764998,1993.21096,2000.481748,1905.60945,1844.515338,1808.965655,1940.213181,2276.22869,2600.535503,2679.682207,2842.305393,3011.527111,2971.748799,2970.047874,3127.35179,3380.969211,3770.991902,3905.520839,3930.034189,3959.216175,4013.491304,4302.837659,4305.811681
Post-demographic dividend,PST,,,1529.710954,1622.124494,1745.267963,1892.934443,2063.383304,2195.543647,2408.09872,2619.455552,2774.637846,3028.398931,3473.083274,4254.689206,4967.474387,5553.037102,5876.092572,6303.556685,7198.482045,8614.43948,9929.855455,10305.69199,9830.22711,9474.598351,9868.518457,10358.88238,11683.20324,14048.81973,17132.09178,18058.86502,18876.14776,19591.18946,21226.86142,21699.6858,22790.10716,24320.22815,25478.10991,25571.81276,24643.3729,25000.44738,26050.34422,26065.73603,25918.13636,27950.53549,31907.30481,35145.79951,36839.84251,38210.7411,39739.05717,39105.38581,40207.22659,41564.65118,42849.09833,43592.13189,43755.74485,42549.56018,41713.94064,42048.76388,44945.76117,46506.52023
French Polynesia,PYF,,,,,,,,2090,2520,2430,2400,2640,2660,3320,4580,5100,5590,5890,6760,7980,9140,9600,9130,8190,8030,8340,10250,13000,15350,14940,15270,16030,17260,17400,17470,17910,17780,17250,16660,16170,15760,,,,,,,,,,,,,,,,,,,
Qatar,QAT,,,,,,,,,,,,,,,,,,,,,,,,,,,,,,,,,,,,,,,,,,,28400,30680,36160,38260,50810,58030,65580,61250,63620,66950,72880,79390,80890,73440,64550,56920,58830,61180
Romania,ROU,,,,,,,,,,,,,,,,,,,,,,,,,,,,,,,,,1250,1190,1270,1490,1640,1590,1580,1610,1710,1760,1950,2250,2960,3880,4900,6390,8800,9220,8640,8650,8760,9320,9700,9600,9620,10110,11430,12620
Russian Federation,RUS,,,,,,,,,,,,,,,,,,,,,,,,,,,,,,,,3440,3090,2920,2650,2640,2600,2650,2130,1750,1710,1780,2100,2590,3410,4450,5810,7560,9580,9230,9980,11060,13490,15190,14630,11780,9730,9210,10250,11260
Rwanda,RWA,,,40,40,40,40,40,50,50,50,60,60,60,70,80,100,130,160,180,230,270,280,270,260,250,260,290,320,350,350,350,320,340,310,150,210,220,260,260,280,280,270,260,250,270,320,360,410,490,550,600,650,710,720,740,750,740,740,780,830
South Asia,SAS,,,86.67295842,93.94650671,104.5607998,109.3400568,105.3902073,106.5815033,103.9928377,111.3545531,117.9807312,121.9142978,125.7802024,141.9951721,164.5368177,187.6694978,181.7468811,184.7084572,203.5393295,222.2509584,267.0459555,293.2203336,287.2784656,281.2379465,279.3434135,288.955831,308.5073068,343.5616449,381.5049504,378.9131123,375.4477027,347.9816321,349.7108207,335.4235808,349.2979659,374.6914936,406.1690367,414.1567208,415.4657282,435.8447076,445.1358088,454.6752546,461.4257781,513.9370684,599.6663068,688.3269916,762.1388005,871.0159858,949.1960265,1053.020387,1147.131883,1276.767161,1389.238701,1435.511586,1479.060796,1524.114143,1601.789557,1734.262858,1902.231158,1993.827524
Saudi Arabia,SAU,,,,,,,,,,,930,1000,1150,1600,3160,4500,8020,8770,8890,11170,14270,16530,13970,11320,10130,9010,9140,7700,7630,7080,7390,8310,8500,8050,7720,7810,8030,8230,8010,7650,8150,8520,8370,9480,11040,12650,14160,15800,18460,17900,18750,20880,24040,25440,25550,23710,21610,19990,21610,22840
Sudan,SDN,,,140,140,140,140,140,140,150,160,170,180,190,220,290,380,440,480,460,490,480,500,470,430,380,390,540,790,780,720,530,450,340,310,320,400,400,380,340,330,340,350,380,430,500,600,700,910,1080,1150,1190,1350,1540,1490,1560,1690,1570,1320,840,590
Senegal,SEN,,,,,,,,,340,310,320,320,350,370,450,560,600,590,580,720,800,810,750,590,550,550,630,810,930,930,900,910,960,910,750,720,680,690,680,670,650,630,600,710,870,1000,1040,1120,1270,1340,1340,1310,1330,1360,1380,1320,1270,1280,1400,1460
Singapore,SGP,,,490,530,510,540,590,660,750,850,970,1090,1280,1600,2090,2660,2930,3020,3370,3990,4730,5380,5680,6170,6930,7100,7330,8080,9320,10320,11450,12970,15270,17710,20780,23630,25620,27730,24010,23360,23680,22130,22000,23440,26150,28820,32550,36010,37230,37320,44930,48290,51740,54480,56380,53160,53020,54320,57900,59590
Solomon Islands,SLB,,,,,,,,,,,,,,,,,,,,,,,730,690,650,590,560,570,580,570,610,640,770,830,970,1160,1290,1300,1230,1170,990,950,850,870,910,980,1040,1120,1230,1310,1470,1620,1820,2160,2200,2130,2150,2220,2370,2390
Sierra Leone,SLE,,,,,150,160,150,140,140,150,160,160,170,190,220,250,220,210,240,310,370,360,350,300,290,240,170,180,170,210,190,170,130,160,160,180,210,200,170,150,140,150,200,270,280,290,300,360,420,440,420,430,530,660,700,550,490,520,490,540
El Salvador,SLV,,,,,,,,300,300,300,310,320,350,380,440,480,530,610,710,780,760,730,680,670,690,720,760,820,860,860,900,930,1060,1170,1290,1480,1590,1690,1750,1810,1900,1950,2000,2130,2270,2420,2570,2680,2870,2820,2880,3060,3210,3350,3400,3440,3510,3600,3820,4000
San Marino,SMR,,,,,,,,,,,,,,,,,,,,,,,,,,,,,,,,,,,,,,,,,,,,,,,,,,,,,,,,,,,,
Somalia,SOM,,,70,70,70,70,80,90,90,90,100,100,120,140,130,190,180,160,130,110,100,110,110,100,110,120,130,150,150,150,130,,,,,,,,,,,,,,,,,,,,,,,,,,,,,
Serbia,SRB,,,,,,,,,,,,,,,,,,,,,,,,,,,,,,,,,,,,,,2990,2990,2610,1610,1540,1520,2390,3250,3830,4200,4890,6040,6450,6220,6300,6090,6460,6240,5960,5700,5560,6410,7030
Sub-Saharan Africa (excluding high income),SSA,,,120.5177334,127.4322708,133.4737141,141.1762912,146.5633663,150.3469405,156.9270522,170.1306449,191.4486055,204.0592391,217.4924392,251.6403938,329.2918136,384.5573558,412.760044,424.3932653,446.3937195,521.8926353,622.9249606,719.1908287,756.7213675,745.404998,654.4681379,589.4046141,564.6645538,601.4721975,652.5956517,639.1607799,623.7382264,620.5455873,614.8843454,578.9546511,553.5685954,568.8640187,589.5396592,602.7642397,568.6150815,557.9492034,550.5449521,544.4796387,553.3738825,603.0056183,732.7545006,896.3405327,1040.90939,1173.063047,1323.711459,1370.080253,1440.556649,1517.516606,1659.7508,1747.463509,1794.698732,1709.619053,1560.92789,1476.516369,1498.471227,1540.204079
South Sudan,SSD,,,,,,,,,,,,,,,,,,,,,,,,,,,,,,,,,,,,,,,,,,,,,,,,,,,,810,850,1160,1250,1090,,,,
Sub-Saharan Africa,SSF,,,120.8811062,127.8171739,133.877161,141.5991352,147.0097102,150.8022245,157.401815,170.6396255,192.021009,204.6830165,218.1738535,252.4503708,330.3527487,385.801113,414.1029747,425.773317,447.9111538,523.8248301,624.5541658,720.5623672,757.6564021,745.9994048,655.2543775,590.5123541,566.308355,603.9302416,655.9624618,642.9455139,628.006508,625.1761879,620.3398567,584.7557813,559.6164267,575.2338425,596.3943293,609.7811193,575.3837352,564.4287352,557.3728765,551.318369,559.9946998,610.2421192,741.0696078,905.0810289,1049.907854,1182.464612,1333.940276,1380.470416,1450.997934,1528.045685,1671.502506,1760.217491,1807.536112,1722.171675,1573.292365,1489.150949,1512.410349,1554.568109
Small states,SST,,,,,,,,,,,,,,,,,,,,,,,,,,,,,,,,,,,,,,,,,,,4270.63111,4738.812291,5614.890208,6586.68123,7795.028141,9024.800179,10263.46175,10084.41383,10479.49132,11176.43316,12324.3518,13245.81272,13420.28387,12679.31968,11738.1143,11213.31633,11858.88144,12401.2286
Sao Tome and Principe,STP,,,,,,,,,,,,,,,,,,,,,,,,,,,,,,,,,,,,,,,,,,,,600,700,820,940,960,1020,1060,1130,1180,1230,1430,1630,1650,1690,1700,1870,1930
Suriname,SUR,,,270,230,250,370,450,510,520,530,570,610,690,770,980,1320,1420,1640,1930,2170,2290,2640,2510,2320,2340,2380,2460,2520,2980,2230,1420,1140,1040,970,1100,1320,1630,1840,2050,1950,1970,1670,1930,2200,2820,3320,4040,5050,6330,6960,7620,7920,8550,8950,9260,8690,6590,5390,5210,5420
Slovak Republic,SVK,,,,,,,,,,,,,,,,,,,,,,,,,,,,,,,,,,,,4220,5020,5420,5430,5380,5530,5720,6020,6960,9030,11350,12940,14930,17250,17100,17430,17440,17800,18250,18310,17670,16790,16620,18350,19210
Slovenia,SVN,,,,,,,,,,,,,,,,,,,,,,,,,,,,,,,,,,,,8840,10200,11240,11000,11320,11270,10950,10920,12630,15610,18310,19820,21790,24620,24380,24540,24580,23250,23230,23610,22250,21770,22130,24600,25940
Sweden,SWE,,,2310,2490,2740,2960,3190,3460,3770,4100,4690,4990,5670,7050,8580,10160,10720,11290,12460,14790,17300,17530,15760,13550,13020,13080,15330,19360,24190,26090,27760,29110,31340,28200,27690,28070,30400,31390,31110,31300,31610,29720,29090,32750,39790,45770,49150,52310,55720,52640,54630,56700,59090,61800,61870,58420,54360,53010,55580,55820
Eswatini,SWZ,,,,,,,,,,,,,300,370,470,,,,,,,,,,,,,,,,1290,1350,1570,1580,1570,1820,1930,1960,1740,1730,1670,1700,1570,1700,2160,3080,3300,3480,3360,3320,3460,3860,4310,4420,4130,3800,3450,3390,3630,3670
Sint Maarten (Dutch part),SXM,,,,,,,,,,,,,,,,,,,,,,,,,,,,,,,,,,,,,,,,,,,,,,,,,,,,,,27540,28670,29560,30890,28210,27680,
Seychelles,SYC,,,290,310,330,320,360,350,350,330,350,410,480,630,770,870,910,870,1170,1760,2110,2300,2290,2190,2220,2490,2740,3200,3970,4540,5030,5200,6000,6390,6530,6460,6740,7330,7320,7290,7290,7310,6850,7490,9280,11140,12580,12280,11180,10230,10220,10570,11540,12700,13350,14020,13840,14310,15670,16900
Syrian Arab Republic,SYR,,,250,230,250,270,250,280,300,370,360,410,500,500,710,970,1090,1050,1170,1280,1570,1760,1750,1710,1650,1700,1480,1270,1190,890,910,990,1110,1070,970,900,850,850,920,890,970,1110,1210,1240,1380,1510,1620,1820,,,,,,,,,,,,
Turks and Caicos Islands,TCA,,,,,,,,,,,,,,,,,,,,,,,,,,,,,,,,,,,,,,,,,,,,,,,,,,,,,,,23280,25530,27300,26200,28340,
Chad,TCD,,,110,110,110,120,120,130,130,140,140,140,150,160,190,230,220,230,240,220,240,230,210,190,180,210,210,210,270,270,270,290,330,240,220,210,200,210,220,200,180,190,190,210,340,470,530,630,700,830,910,890,960,970,980,880,730,640,680,700
East Asia & Pacific (IDA & IBRD countries),TEA,,,72.13130596,78.45752311,87.21367178,98.81194368,106.906566,100.8348156,97.63110515,109.3985379,122.5376632,125.9883275,133.0515825,160.651447,188.0396576,218.7834349,213.9587904,227.5502222,241.3905815,266.5128061,294.5880523,311.665149,311.2085028,307.1460097,325.5015808,348.2478746,369.8347651,386.2937739,406.0261284,407.8127906,423.413639,453.8662124,504.005568,547.4690881,614.6347808,707.0393464,822.9497964,891.9277048,837.4681334,861.8618889,920.9744334,993.696629,1076.449079,1223.268811,1438.916166,1654.764012,1914.87255,2297.961893,2800.045581,3249.014641,3799.268162,4388.245239,5129.063254,5768.616238,6276.467856,6540.681887,6752.015127,7093.067972,7771.361184,8372.513
Europe & Central Asia (IDA & IBRD countries),TEC,,,,,,,,,,,,,,,,,,,,,,,,,,,,,,,,2324.173322,2197.225437,2158.992889,1984.998056,2064.043965,2131.138784,2231.813515,2101.972618,1986.190623,2082.547522,2012.912116,2175.662944,2544.908645,3258.365053,4128.218804,5048.436041,6209.194971,7571.767092,7533.113776,7987.38349,8568.532148,9658.291596,10541.38769,10479.17343,9255.794571,8194.845399,7926.949295,8441.959828,8893.669144
Togo,TGO,,,90,90,100,110,120,120,130,140,130,130,140,170,220,260,270,290,330,350,420,390,320,250,230,230,250,310,390,400,400,400,420,330,310,300,310,350,330,310,310,290,300,350,390,400,410,420,470,530,560,610,590,620,640,640,610,600,660,690
Thailand,THA,,,110,120,130,140,160,170,180,190,210,210,220,260,330,380,420,450,530,610,710,760,760,760,790,790,830,950,1160,1320,1490,1660,1880,2130,2400,2740,2950,2680,2080,1980,1980,1960,1990,2180,2530,2790,3100,3530,3970,4140,4580,4950,5520,5720,5760,5710,5700,5960,6600,7260
Tajikistan,TJK,,,,,,,,,,,,,,,,,,,,,,,,,,,,,,,,,350,290,210,210,170,170,180,180,170,160,170,210,270,380,470,580,750,800,920,1020,1150,1330,1350,1250,1100,1010,1000,1030
Turkmenistan,TKM,,,,,,,,,,,,,,,,,,,,,,,,,,,,,,,,,,800,680,610,610,550,560,620,600,650,750,990,1310,1590,1890,2320,3040,3550,4070,4730,5560,6510,7200,7030,6820,6380,6740,
Latin America & the Caribbean (IDA & IBRD countries),TLA,,,,,,,478.1019496,488.7360406,523.5674844,556.5999451,591.0634013,648.0190127,713.8999728,874.6850787,1112.036288,1282.509609,1350.595135,1392.006792,1519.103782,1790.788254,2114.12416,2278.156033,2155.792781,1890.549252,1791.291323,1756.718492,1825.329455,1956.219195,2072.139897,2180.514158,2288.936012,2662.258083,2962.861894,3202.005485,3432.89561,3655.789531,3962.802536,4259.232932,4241.77918,4024.322215,4109.159272,3983.723907,3721.294225,3697.399054,4001.148785,4491.901885,5190.469957,6078.747087,7031.560602,7204.600514,8005.583115,8845.427031,9771.054294,10178.95615,10065.01397,9222.574878,8468.30023,8338.888464,8630.329903,8697.129239
Timor-Leste,TLS,,,,,,,,,,,,,,,,,,,,,,,,,,,,,,,,,,,,,,,,,,,750,670,780,930,1310,1840,2970,2330,2850,3710,3630,3200,2690,2200,1750,1780,1800,2020
Middle East & North Africa (IDA & IBRD countries),TMN,,,,,,,,,,,,,,,,,,,,,,,,,,,,,,,,,,,,1239.807223,1376.277394,1464.028196,1506.008106,1510.630802,1567.57459,1600.477676,1600.826048,1710.9884,1896.72978,2156.296344,2436.896031,2854.020122,3373.663159,3694.799868,4013.291188,4109.515007,4596.842723,4759.200971,4634.17884,4181.360346,4115.616783,3875.068497,3854.817157,
Tonga,TON,,,,,,,,,,,,,,,,,,,,,,,,690,690,720,770,870,1070,1160,1220,1350,1450,1530,1820,2090,2370,2340,2240,2170,2080,2030,2000,2000,2160,2410,2720,2900,3270,3180,3370,3810,4320,4540,4600,4440,4410,4590,4800,5000
South Asia (IDA & IBRD),TSA,,,86.67295842,93.94650671,104.5607998,109.3400568,105.3902073,106.5815033,103.9928377,111.3545531,117.9807312,121.9142978,125.7802024,141.9951721,164.5368177,187.6694978,181.7468811,184.7084572,203.5393295,222.2509584,267.0459555,293.2203336,287.2784656,281.2379465,279.3434135,288.955831,308.5073068,343.5616449,381.5049504,378.9131123,375.4477027,347.9816321,349.7108207,335.4235808,349.2979659,374.6914936,406.1690367,414.1567208,415.4657282,435.8447076,445.1358088,454.6752546,461.4257781,513.9370684,599.6663068,688.3269916,762.1388005,871.0159858,949.1960265,1053.020387,1147.131883,1276.767161,1389.238701,1435.511586,1479.060796,1524.114143,1601.789557,1734.262858,1902.231158,1993.827524
Sub-Saharan Africa (IDA & IBRD countries),TSS,,,120.8811062,127.8171739,133.877161,141.5991352,147.0097102,150.8022245,157.401815,170.6396255,192.021009,204.6830165,218.1738535,252.4503708,330.3527487,385.801113,414.1029747,425.773317,447.9111538,523.8248301,624.5541658,720.5623672,757.6564021,745.9994048,655.2543775,590.5123541,566.308355,603.9302416,655.9624618,642.9455139,628.006508,625.1761879,620.3398567,584.7557813,559.6164267,575.2338425,596.3943293,609.7811193,575.3837352,564.4287352,557.3728765,551.318369,559.9946998,610.2421192,741.0696078,905.0810289,1049.907854,1182.464612,1333.940276,1380.470416,1450.997934,1528.045685,1671.502506,1760.217491,1807.536112,1722.171675,1573.292365,1489.150949,1512.410349,1554.568109
Trinidad and Tobago,TTO,,,640,750,800,820,760,770,790,810,830,870,1000,1200,1500,2170,2530,2810,3360,3940,5140,6060,6710,6120,6030,5900,5090,4280,3930,3630,3710,3890,4420,4080,3880,3970,4230,4500,4620,4890,5400,6070,6760,8070,9700,11190,13280,15000,17350,16200,16460,14970,16840,18750,18560,18980,16810,16040,16020,17010
Tunisia,TUN,,,,,,,,220,250,260,270,310,400,460,610,760,810,850,940,1130,1360,1420,1280,1180,1160,1150,1140,1270,1330,1290,1410,1460,1680,1660,1710,1790,1970,2120,2150,2260,2270,2240,2180,2460,2900,3160,3330,3530,3850,4070,4130,3990,4100,4160,4160,3960,3750,3520,3500,3370
Turkey,TUR,,,,,,,,470,520,560,560,530,560,640,860,1110,1310,1410,1530,1820,1860,1860,1570,1400,1310,1310,1450,1740,1860,1920,2310,2590,2940,3140,2680,2850,2920,3190,3440,3590,4320,3580,3590,3950,5270,6820,7880,8950,9850,9640,10490,11310,11960,12600,12630,12030,11260,10980,10520,9690
Tuvalu,TUV,,,,,,,,,,,,,,,,,,,,,,,,,,,,,,,,,,,,,,,,,,2710,3310,2490,3240,3630,3780,4500,4660,4820,4400,4720,4430,5560,4670,5440,5070,4810,5430,5620
Tanzania,TZA,,,,,,,,,,,,,,,,,,,,,,,,,,,,,,,200,190,180,170,160,170,190,220,270,330,410,410,420,430,470,500,520,540,600,670,720,770,810,890,970,980,970,970,1020,1080
Uganda,UGA,,,,,,,,,,,,,,,,,,,,,,,,,180,200,250,310,400,400,320,250,190,180,180,230,280,300,290,290,270,250,250,260,280,310,350,390,430,550,680,850,830,800,820,830,790,740,750,780
Ukraine,UKR,,,,,,,,,,,,,,,,,,,,,,,,,,,,,,1620,1610,1520,1420,1230,1000,920,860,890,850,760,700,730,790,980,1270,1540,1950,2590,3210,2840,2980,3110,3500,3800,3560,2700,2370,2380,2800,3370
Upper middle income,UMC,,,,,,,222.5789836,220.6537756,228.6678287,249.1678523,270.7388767,287.1664295,310.8865434,379.0517797,470.0793725,556.2016097,575.8131027,600.8892959,647.5244583,750.612485,850.3329237,911.0662343,898.2982559,833.4571989,829.8085757,852.8044239,899.3122904,958.5122625,1003.305237,1020.549561,1100.77474,1235.668835,1317.765904,1388.887771,1452.93453,1570.511673,1719.677751,1840.07574,1767.490018,1721.339023,1799.355945,1814.447741,1847.327983,2010.93443,2345.676936,2754.526237,3232.799282,3863.471676,4606.061745,4972.070913,5624.826325,6321.976412,7242.433502,7898.029116,8186.742707,7957.810331,7780.084957,7943.940535,8540.75553,9050.390944
Uruguay,URY,,,580,610,660,680,720,640,610,670,820,850,870,1060,1370,1620,1490,1420,1630,2150,2870,3650,3290,2190,1740,1510,1780,2210,2600,2730,2840,3180,3830,4350,5040,5530,6160,6970,7240,7260,7060,6500,5140,4250,4130,4720,5390,6390,7710,8810,10440,12060,13370,15320,15830,15640,14980,15150,15910,16230
United States,USA,,,3280,3410,3610,3880,4190,4370,4740,5070,5230,5620,6280,7290,7980,8510,8960,9590,10760,12200,13380,14360,14220,14570,16210,17460,19110,21390,23490,23770,24060,24270,25680,26390,27650,29040,30270,31270,32030,33670,35960,36710,37310,39770,43510,46190,47880,48500,48980,47730,48990,50570,52770,53950,55860,56750,57210,59080,63170,65850
Uzbekistan,UZB,,,,,,,,,,,,,,,,,,,,,,,,,,,,,,,,,600,590,570,580,600,610,620,650,630,560,450,420,460,530,610,770,980,1150,1370,1650,2020,2270,2470,2600,2660,2350,2020,1800
St. Vincent and the Grenadines,VCT,,,180,160,170,180,180,170,190,190,210,220,300,310,340,370,390,460,560,710,830,960,1030,1090,1200,1330,1450,1660,1950,2030,2110,2230,2540,2680,2640,2890,3000,3070,3190,3310,3470,3650,3950,4380,4730,4960,5470,5910,6260,6320,6090,6130,6400,6560,6390,6560,6800,6970,7340,7460
"Venezuela, RB",VEN,,,960,990,950,890,820,840,900,910,980,1010,1120,1340,1720,2140,2470,2600,2790,3180,3610,4100,4050,3780,3640,3520,3610,3350,3400,2560,2670,2690,2870,2850,2740,3040,3100,3470,3420,3570,4120,4600,3990,3490,4110,4980,6130,7630,9400,10380,11810,11980,12710,11970,13080,,,,,
British Virgin Islands,VGB,,,,,,,,,,,,,,,,,,,,,,,,,,,,,,,,,,,,,,,,,,,,,,,,,,,,,,,,,,,,
Virgin Islands (U.S.),VIR,,,,,,,,,,,,,,,,,,,,,,,,,,,,,,,,,,,,,,,,,,,,,,,,,,,,,,,,,,,,
Vietnam,VNM,,,,,,,,,,,,,,,,,,,,,,,,,,,,,,210,130,110,130,160,190,250,300,330,340,360,410,430,450,500,580,630,720,840,980,1010,1250,1370,1540,1720,1880,1970,2080,2130,2380,2590
Vanuatu,VUT,,,,,,,,,,,,,,,,,,,,,,940,840,800,900,930,980,890,990,1110,1240,1120,1150,1150,1210,1240,1330,1390,1450,1430,1430,1370,1230,1360,1590,1780,1990,2140,2530,2610,2710,2870,2950,3180,3120,2910,2850,2880,3120,3210
World,WLD,,,484.3907826,511.3269582,547.9060787,589.7019095,632.4672518,659.6860959,708.1186009,763.9055478,805.907356,867.6315579,976.1532003,1180.406605,1382.19485,1546.707695,1623.127009,1719.183346,1928.901326,2277.747581,2608.265554,2712.120529,2581.331538,2451.284692,2497.143984,2578.254462,2842.881079,3315.771423,3914.024761,4061.707727,4212.675225,4360.709339,4672.594351,4751.220171,4944.44575,5243.459963,5493.254725,5532.292797,5302.214456,5311.881806,5496.576799,5473.783254,5431.913466,5831.973367,6643.362609,7361.032732,7853.283349,8370.515334,8961.692194,8991.95017,9422.42764,9909.264852,10503.65725,10883.82446,11005.44622,10671.35892,10410.19742,10473.33138,11151.62516,11566.22423
Samoa,WSM,,,,,,,,,,,,,,,,,,,,,,,,,510,480,500,530,550,580,570,540,,,,,,,,,,,1520,1660,1990,2320,2560,2850,3060,3030,3230,3520,3660,3800,3820,3960,4110,4060,4020,4190
Kosovo,XKX,,,,,,,,,,,,,,,,,,,,,,,,,,,,,,,,,,,,,,,,,,,,,1940,2270,2470,2690,3070,3290,3420,3640,3780,3960,4020,4010,3970,3970,4340,4660
"Yemen, Rep.",YEM,,,,,,,,,,,,,,,,,,,,,,,,,,,,,,,,,510,460,380,320,300,330,370,380,430,480,520,550,610,700,810,890,1010,1100,1200,1080,1260,1440,1460,1200,1150,1070,940,
South Africa,ZAF,,,460,490,520,560,590,650,690,740,800,870,920,1110,1400,1610,1560,1500,1610,1940,2500,2880,2770,2520,2460,2130,1990,2210,2670,2830,2860,3000,3250,3380,3510,3640,3660,3600,3230,3130,3070,2860,2670,2920,3720,4990,5630,5910,5980,5850,6190,6990,7570,7350,6760,6050,5470,5410,5750,6040
Zambia,ZMB,,,190,190,210,270,280,330,370,410,450,440,440,450,580,590,570,500,490,510,610,690,610,500,420,340,250,260,330,400,430,390,360,380,350,380,400,400,360,350,330,350,360,410,460,560,720,900,1180,1280,1340,1420,1690,1760,1800,1580,1370,1300,1440,1430
Zimbabwe,ZWE,,,270,270,260,280,280,300,300,340,400,410,450,530,670,730,710,650,650,730,900,1060,1040,960,830,740,690,700,810,840,860,850,700,640,630,620,690,700,620,570,510,540,490,440,450,460,440,420,330,420,630,920,1110,1210,1260,1280,1290,1360,1530,1390